timestamp,hour,actual_demand_gw,da_schedule_gw,da_price_eur_mwh,rebap_price_eur_mwh,p10_forecast_gw,p90_forecast_gw,residual_mwh,spread_eur_mwh,cash_penalty_eur
2026-08-01 00:00:00,0,20.254,19.36,73.57,51.05,15.06,23.66,89.4000000000002,-22.519999999999996,2013.2880000000043
2026-08-01 01:00:00,1,18.587,18.836,61.83,69.27,14.537,23.135,-24.899999999999878,7.439999999999998,185.25599999999903
2026-08-01 02:00:00,2,19.479,18.313,65.24,57.61,14.017,22.609,116.60000000000005,-7.6299999999999955,889.6579999999999
2026-08-01 03:00:00,3,20.533,17.792,75.92,61.65,13.5,22.084,274.09999999999997,-14.270000000000003,3911.407
2026-08-01 04:00:00,4,16.852,17.273,65.54,600.98,12.988,21.558,-42.09999999999994,535.44,22542.02399999997
2026-08-01 05:00:00,5,16.338,16.759,62.99,623.16,12.482,21.036,-42.09999999999994,560.17,23583.156999999963
2026-08-01 06:00:00,6,11.304,8.462,52.72,45.46,4.195,12.729,284.20000000000005,-7.259999999999998,2063.292
2026-08-01 07:00:00,7,5.338,3.956,40.91,14.45,-0.299,8.211,138.20000000000002,-26.459999999999997,3656.772
2026-08-01 08:00:00,8,-0.857,-0.012,23.73,34.5,-4.254,4.23,-84.5,10.77,910.0649999999999
2026-08-01 09:00:00,9,-2.349,-3.325,19.5,34.8,-7.551,0.901,97.60000000000001,15.299999999999997,-1493.2799999999997
2026-08-01 10:00:00,10,-6.724,-5.89,13.77,21.59,-10.099,-1.681,-83.40000000000006,7.82,652.1880000000006
2026-08-01 11:00:00,11,-8.476,-7.638,5.22,-8.43,-11.828,-3.448,-83.8000000000001,-13.649999999999999,-1143.8700000000013
2026-08-01 12:00:00,12,-8.092,-8.528,11.61,9.19,-12.698,-4.358,43.599999999999994,-2.42,105.51199999999999
2026-08-01 13:00:00,13,-11.989,-8.545,-5.41,-5.49,-12.693,-4.397,-344.4000000000001,-0.08000000000000007,-27.55200000000003
2026-08-01 14:00:00,14,-10.808,-7.703,8.12,15.3,-11.827,-3.579,-310.5,7.1800000000000015,2229.3900000000003
2026-08-01 15:00:00,15,-7.053,-6.041,14.15,22.17,-10.139,-1.943,-101.19999999999996,8.020000000000001,811.6239999999998
2026-08-01 16:00:00,16,-5.448,-3.625,16.82,8.01,-7.696,0.446,-182.30000000000007,-8.81,-1606.0630000000008
2026-08-01 17:00:00,17,0.019,-0.546,31.75,32.74,-4.589,3.497,56.500000000000014,0.990000000000002,-55.93500000000012
2026-08-01 18:00:00,18,1.443,3.077,37.61,43.1,-0.936,7.09,-163.4,5.490000000000002,897.0660000000004
2026-08-01 19:00:00,19,7.961,10.503,49.35,66.82,6.522,14.484,-254.20000000000002,17.46999999999999,4440.873999999998
2026-08-01 20:00:00,20,12.796,10.158,48.57,57.02,6.21,14.106,263.8,8.450000000000003,-2229.110000000001
2026-08-01 21:00:00,21,9.424,9.83,43.39,52.86,5.916,13.744,-40.60000000000006,9.469999999999999,384.4820000000005
2026-08-01 22:00:00,22,9.643,9.521,46.49,47.5,5.643,13.399,12.199999999999989,1.009999999999998,-12.321999999999964
2026-08-01 23:00:00,23,6.666,9.23,42.55,59.47,5.389,13.071,-256.40000000000003,16.92,4338.288000000001
2026-08-02 00:00:00,0,7.979,8.959,47.4,52.32,5.157,12.761,-97.99999999999996,4.920000000000002,482.15999999999997
2026-08-02 01:00:00,1,8.907,8.707,44.47,34.14,4.944,12.47,19.99999999999993,-10.329999999999998,206.59999999999923
2026-08-02 02:00:00,2,6.405,8.476,42.62,59.46,4.754,12.198,-207.10000000000005,16.840000000000003,3487.5640000000017
2026-08-02 03:00:00,3,8.942,8.266,44.43,52.8,4.586,11.946,67.60000000000001,8.369999999999997,-565.8119999999999
2026-08-02 04:00:00,4,6.996,8.077,40.72,35.41,4.44,11.714,-108.09999999999997,-5.310000000000002,-574.0110000000001
2026-08-02 05:00:00,5,7.384,7.909,38.4,313.99,4.316,11.502,-52.49999999999994,275.59000000000003,14468.474999999986
2026-08-02 06:00:00,6,-1.108,-0.025,21.65,25.21,-3.573,3.523,-108.30000000000003,3.5600000000000023,385.54800000000034
2026-08-02 07:00:00,7,-0.817,-4.151,20.58,26.13,-7.653,-0.649,333.4,5.550000000000001,-1850.3700000000001
2026-08-02 08:00:00,8,-7.748,-7.724,6.83,9.2,-11.179,-4.269,-2.400000000000002,2.369999999999999,5.688000000000003
2026-08-02 09:00:00,9,-12.531,-10.627,4.42,8.16,-14.035,-7.219,-190.4,3.74,712.0960000000001
2026-08-02 10:00:00,10,-11.288,-12.768,-0.85,19.55,-16.128,-9.408,148.00000000000006,20.400000000000002,-3019.2000000000016
2026-08-02 11:00:00,11,-16.277,-14.079,2.5,15.36,-17.39,-10.768,-219.80000000000007,12.86,2826.6280000000006
2026-08-02 12:00:00,12,-14.144,-14.52,-1.36,0.92,-17.781,-11.259,37.599999999999945,2.2800000000000002,-85.72799999999988
2026-08-02 13:00:00,13,-17.604,-14.077,-10.21,1.08,-17.288,-10.866,-352.69999999999993,11.290000000000001,3981.9829999999997
2026-08-02 14:00:00,14,-15.154,-12.764,-8.99,-21.38,-15.924,-9.604,-239.00000000000006,-12.389999999999999,-2961.2100000000005
2026-08-02 15:00:00,15,-10.266,-10.62,7.99,12.77,-13.729,-7.511,35.39999999999992,4.779999999999999,-169.2119999999996
2026-08-02 16:00:00,16,-6.386,-7.715,11.43,33.14,-10.773,-4.657,132.89999999999998,21.71,-2885.2589999999996
2026-08-02 17:00:00,17,-3.831,-4.139,19.84,17.22,-7.145,-1.133,30.80000000000003,-2.620000000000001,80.69600000000011
2026-08-02 18:00:00,18,-0.22,-0.011,37.54,27.36,-2.965,2.943,-20.900000000000002,-10.18,-212.76200000000003
2026-08-02 19:00:00,19,7.383,7.925,43.64,35.81,5.023,10.827,-54.19999999999998,-7.829999999999998,-424.38599999999974
2026-08-02 20:00:00,20,5.433,8.095,44.33,31.25,5.246,10.944,-266.2000000000001,-13.079999999999998,-3481.896000000001
2026-08-02 21:00:00,21,6.99,8.286,40.34,30.93,5.483,11.089,-129.59999999999994,-9.410000000000004,-1219.5359999999998
2026-08-02 22:00:00,22,7.669,8.499,44.51,334.71,5.643,11.355,-83.0000000000001,290.2,24086.600000000028
2026-08-02 23:00:00,23,10.635,8.732,58.26,41.39,5.824,11.64,190.30000000000007,-16.869999999999997,3210.361000000001
2026-08-03 00:00:00,0,18.244,17.625,65.41,65.59,14.665,20.585,61.89999999999998,0.18000000000000682,-11.142000000000419
2026-08-03 01:00:00,1,14.725,17.899,67.42,78.25,14.887,20.911,-317.40000000000015,10.829999999999998,3437.442000000001
2026-08-03 02:00:00,2,18.774,18.191,71.91,61.02,15.127,21.255,58.300000000000196,-10.889999999999993,634.8870000000018
2026-08-03 03:00:00,3,17.809,18.502,64.71,82.94,15.387,21.617,-69.29999999999978,18.230000000000004,1263.3389999999963
2026-08-03 04:00:00,4,17.613,18.832,69.06,327.37,15.665,21.999,-121.90000000000012,258.31,31487.98900000003
2026-08-03 05:00:00,5,20.28,19.179,76.28,88.65,15.962,22.396,110.10000000000028,12.370000000000005,-1361.937000000004
2026-08-03 06:00:00,6,13.61,11.754,60.21,52.31,8.487,15.021,185.6,-7.899999999999999,1466.2399999999998
2026-08-03 07:00:00,7,10.554,8.878,44.72,54.97,5.561,12.195,167.60000000000002,10.25,-1717.9000000000003
2026-08-03 08:00:00,8,4.985,6.496,35.84,22.73,3.13,9.862,-151.10000000000002,-13.110000000000003,-1980.9210000000007
2026-08-03 09:00:00,9,4.121,4.677,35.85,46.54,1.263,8.091,-55.59999999999992,10.689999999999998,594.363999999999
2026-08-03 10:00:00,10,4.07,3.474,36.44,38.5,0.013,6.935,59.600000000000016,2.0600000000000023,-122.77600000000017
2026-08-03 11:00:00,11,4.677,2.921,40.55,47.19,-0.587,6.429,175.6,6.640000000000001,-1165.9840000000002
2026-08-03 12:00:00,12,2.175,3.038,33.28,19.17,-0.516,6.592,-86.30000000000001,-14.11,-1217.6930000000002
2026-08-03 13:00:00,13,3.497,3.831,30.13,19.39,0.232,7.43,-33.400000000000006,-10.739999999999998,-358.716
2026-08-03 14:00:00,14,3.301,5.292,36.56,43.73,1.649,8.935,-199.09999999999997,7.169999999999995,1427.5469999999987
2026-08-03 15:00:00,15,5.247,7.4,41.76,30.38,3.715,11.085,-215.30000000000007,-11.379999999999999,-2450.1140000000005
2026-08-03 16:00:00,16,11.58,10.117,55.49,61.05,6.39,13.844,146.29999999999993,5.559999999999995,-813.4279999999989
2026-08-03 17:00:00,17,15.833,13.392,66.93,50.53,9.624,17.16,244.1000000000001,-16.400000000000006,4003.240000000003
2026-08-03 18:00:00,18,17.023,17.152,68.56,78.74,13.345,20.959,-12.900000000000134,10.179999999999993,131.32200000000125
2026-08-03 19:00:00,19,27.257,25.45,89.58,74.79,21.605,29.295,180.70000000000024,-14.789999999999992,2672.553000000002
2026-08-03 20:00:00,20,26.616,25.965,86.05,92.68,22.083,29.847,65.09999999999998,6.63000000000001,-431.6130000000005
2026-08-03 21:00:00,21,25.322,26.484,76.84,84.35,22.566,30.402,-116.20000000000026,7.509999999999991,872.6620000000008
2026-08-03 22:00:00,22,27.655,27.005,90.34,81.98,23.053,30.957,65.00000000000021,-8.36,543.4000000000018
2026-08-03 23:00:00,23,30.297,27.528,95.26,102.25,23.543,31.513,276.9000000000002,6.989999999999995,-1935.531
2026-08-04 00:00:00,0,27.988,28.052,90.44,93.56,24.035,32.069,-6.400000000000006,3.1200000000000045,19.968000000000046
2026-08-04 01:00:00,1,31.393,28.577,91.74,85.27,24.53,32.624,281.5999999999999,-6.469999999999999,1821.951999999999
2026-08-04 02:00:00,2,24.384,29.1,77.1,65.0,25.025,33.175,-471.60000000000014,-12.099999999999994,-5706.359999999999
2026-08-04 03:00:00,3,31.1,29.62,100.41,76.86,25.518,33.722,148.00000000000006,-23.549999999999997,3485.400000000001
2026-08-04 04:00:00,4,30.295,30.138,94.27,98.47,26.011,34.265,15.700000000000003,4.200000000000003,-65.94000000000005
2026-08-04 05:00:00,5,30.114,30.652,96.76,77.98,26.501,34.803,-53.800000000000026,-18.78,-1010.3640000000005
2026-08-04 06:00:00,6,23.538,23.372,79.67,80.82,19.199,27.545,16.600000000000037,1.1499999999999915,-19.0899999999999
2026-08-04 07:00:00,7,17.041,20.618,65.39,62.23,16.425,24.811,-357.6999999999998,-3.1600000000000037,-1130.3320000000008
2026-08-04 08:00:00,8,17.941,18.337,71.0,79.15,14.125,22.549,-39.60000000000008,8.150000000000006,322.74000000000086
2026-08-04 09:00:00,9,17.239,16.596,63.64,60.02,12.368,20.824,64.30000000000007,-3.6199999999999974,232.76600000000008
2026-08-04 10:00:00,10,18.108,15.448,68.0,64.05,11.204,19.692,266.0,-3.950000000000003,1050.7000000000007
2026-08-04 11:00:00,11,13.994,14.927,56.72,65.5,10.67,19.184,-93.29999999999998,8.780000000000001,819.174
2026-08-04 12:00:00,12,13.598,15.053,55.96,59.98,10.785,19.321,-145.5,4.019999999999996,584.9099999999994
2026-08-04 13:00:00,13,14.929,15.832,59.39,63.18,11.554,20.11,-90.30000000000005,3.789999999999999,342.23700000000014
2026-08-04 14:00:00,14,18.904,17.257,70.26,75.89,12.971,21.543,164.69999999999985,5.6299999999999955,-927.2609999999984
2026-08-04 15:00:00,15,19.897,19.305,69.64,51.21,15.013,23.597,59.199999999999875,-18.43,1091.0559999999978
2026-08-04 16:00:00,16,20.987,21.94,78.97,88.05,17.643,26.237,-95.3000000000003,9.079999999999998,865.3240000000026
2026-08-04 17:00:00,17,26.034,25.11,81.47,88.82,20.811,29.409,92.39999999999996,7.349999999999994,-679.1399999999992
2026-08-04 18:00:00,18,28.918,28.743,90.65,78.45,24.443,33.043,17.50000000000007,-12.200000000000003,213.5000000000009
2026-08-04 19:00:00,19,38.636,36.892,111.02,108.09,32.593,41.191,174.39999999999998,-2.9299999999999926,510.99199999999865
2026-08-04 20:00:00,20,35.972,37.235,112.7,112.23,32.939,41.531,-126.29999999999983,-0.46999999999999886,-59.36099999999978
2026-08-04 21:00:00,21,36.972,37.561,109.9,108.29,33.27,41.852,-58.899999999999864,-1.6099999999999994,-94.82899999999975
2026-08-04 22:00:00,22,37.163,37.869,113.67,812.78,33.585,42.153,-70.6000000000003,699.11,49357.166000000216
2026-08-04 23:00:00,23,35.523,38.158,99.99,510.87,33.882,42.434,-263.49999999999983,410.88,108266.87999999993
2026-08-05 00:00:00,0,38.96,38.427,114.56,127.54,34.161,42.693,53.300000000000125,12.980000000000004,-691.8340000000019
2026-08-05 01:00:00,1,39.146,38.677,117.46,101.71,34.423,42.931,46.90000000000012,-15.75,738.6750000000019
2026-08-05 02:00:00,2,38.915,38.906,113.72,121.19,34.666,43.146,0.9000000000000341,7.469999999999999,-6.723000000000254
2026-08-05 03:00:00,3,38.692,39.114,117.16,133.11,34.89,43.338,-42.199999999999704,15.950000000000017,673.089999999996
2026-08-05 04:00:00,4,36.753,39.301,106.57,111.21,35.094,43.508,-254.80000000000018,4.640000000000001,1182.272000000001
2026-08-05 05:00:00,5,38.709,39.467,118.58,131.67,35.279,43.655,-75.79999999999956,13.08999999999999,992.2219999999934
2026-08-05 06:00:00,6,31.205,31.822,105.63,129.77,27.655,35.989,-61.700000000000095,24.140000000000015,1489.4380000000033
2026-08-05 07:00:00,7,27.243,28.687,86.26,98.55,24.542,32.832,-144.4000000000003,12.289999999999992,1774.6760000000024
2026-08-05 08:00:00,8,25.718,26.008,82.58,85.57,21.887,30.129,-28.999999999999915,2.989999999999995,86.7099999999996
2026-08-05 09:00:00,9,24.584,23.857,87.68,100.22,19.762,27.952,72.70000000000003,12.539999999999992,-911.6579999999998
2026-08-05 10:00:00,10,25.678,22.283,90.59,92.33,18.215,26.351,339.5,1.7399999999999949,-590.7299999999983
2026-08-05 11:00:00,11,21.638,21.324,73.29,73.58,17.285,25.363,31.400000000000006,0.28999999999999204,-9.105999999999751
2026-08-05 12:00:00,12,21.463,21.0,73.32,69.1,16.991,25.009,46.3000000000001,-4.219999999999999,195.38600000000037
2026-08-05 13:00:00,13,21.183,21.317,73.25,92.02,17.34,25.294,-13.400000000000034,18.769999999999996,251.5180000000006
2026-08-05 14:00:00,14,18.816,22.27,63.8,53.97,18.326,26.214,-345.4000000000001,-9.829999999999998,-3395.282
2026-08-05 15:00:00,15,23.788,23.836,76.44,94.83,19.927,27.745,-4.799999999999827,18.39,88.27199999999681
2026-08-05 16:00:00,16,26.09,25.981,81.16,87.16,22.108,29.854,10.899999999999821,6.0,-65.39999999999893
2026-08-05 17:00:00,17,33.086,28.653,97.5,80.71,24.817,32.489,443.3,-16.790000000000006,7443.007000000003
2026-08-05 18:00:00,18,31.435,31.781,96.8,101.21,27.983,35.579,-34.600000000000016,4.409999999999997,152.58599999999996
2026-08-05 19:00:00,19,39.962,39.419,116.63,600.95,35.661,43.177,54.30000000000064,484.32000000000005,-26298.57600000031
2026-08-05 20:00:00,20,39.185,39.247,120.19,127.69,35.53,42.964,-6.199999999999761,7.5,46.49999999999821
2026-08-05 21:00:00,21,36.95,39.054,105.08,115.7,35.379,42.729,-210.39999999999992,10.620000000000005,2234.4480000000003
2026-08-05 22:00:00,22,40.896,38.839,121.69,114.58,35.207,42.471,205.70000000000024,-7.109999999999999,1462.5270000000016
2026-08-05 23:00:00,23,39.957,38.604,114.83,116.31,35.016,42.192,135.30000000000015,1.480000000000004,-200.24400000000077
2026-08-06 00:00:00,0,39.772,38.348,115.08,138.53,34.806,41.89,142.39999999999995,23.450000000000003,-3339.2799999999993
2026-08-06 01:00:00,1,36.436,38.073,110.64,104.57,34.577,41.569,-163.70000000000005,-6.070000000000007,-993.6590000000015
2026-08-06 02:00:00,2,40.304,37.779,111.96,99.25,34.329,41.229,252.4999999999999,-12.709999999999994,3209.274999999997
2026-08-06 03:00:00,3,34.942,37.465,106.18,123.96,34.063,40.867,-252.30000000000032,17.779999999999987,4485.894000000002
2026-08-06 04:00:00,4,38.191,37.134,112.46,136.01,33.78,40.488,105.70000000000023,23.549999999999997,-2489.235000000005
2026-08-06 05:00:00,5,40.728,36.786,119.35,119.4,33.482,40.09,394.20000000000005,0.05000000000001137,-19.710000000004484
2026-08-06 06:00:00,6,26.849,28.632,88.0,100.14,25.377,31.887,-178.30000000000015,12.14,2164.562000000002
2026-08-06 07:00:00,7,23.974,24.994,90.34,106.44,21.789,28.199,-101.99999999999996,16.099999999999994,1642.1999999999987
2026-08-06 08:00:00,8,21.999,21.82,73.63,64.72,18.666,24.974,17.89999999999985,-8.909999999999997,159.48899999999858
2026-08-06 09:00:00,9,18.274,19.18,65.86,60.03,16.077,22.283,-90.5999999999999,-5.829999999999998,-528.1979999999992
2026-08-06 10:00:00,10,14.336,17.128,56.83,71.6,14.077,20.179,-279.2,14.769999999999996,4123.783999999999
2026-08-06 11:00:00,11,15.823,15.699,60.37,80.59,12.7,18.698,12.400000000000055,20.220000000000006,-250.7280000000012
2026-08-06 12:00:00,12,13.004,14.917,53.84,60.59,11.97,17.864,-191.30000000000004,6.75,1291.2750000000003
2026-08-06 13:00:00,13,15.64,14.787,66.94,56.38,11.892,17.682,85.29999999999998,-10.559999999999995,900.7679999999995
2026-08-06 14:00:00,14,13.65,15.305,63.49,87.34,12.462,18.148,-165.49999999999994,23.85,3947.174999999999
2026-08-06 15:00:00,15,19.241,16.451,67.83,61.45,13.641,19.261,278.99999999999994,-6.3799999999999955,1780.0199999999984
2026-08-06 16:00:00,16,16.779,18.189,61.36,630.57,15.327,21.051,-141.00000000000003,569.21,80258.61000000002
2026-08-06 17:00:00,17,19.889,20.468,73.42,77.53,17.553,23.383,-57.90000000000007,4.109999999999999,237.96900000000025
2026-08-06 18:00:00,18,24.685,23.22,79.88,98.53,20.253,26.187,146.49999999999997,18.650000000000006,-2732.2250000000004
2026-08-06 19:00:00,19,28.283,30.498,92.53,102.78,27.479,33.517,-221.5,10.25,2270.375
2026-08-06 20:00:00,20,30.393,29.983,95.45,100.43,26.912,33.054,41.000000000000014,4.980000000000004,-204.18000000000023
2026-08-06 21:00:00,21,31.817,29.464,91.71,97.27,26.342,32.586,235.30000000000015,5.560000000000002,-1308.2680000000014
2026-08-06 22:00:00,22,26.049,28.943,91.28,91.8,25.77,32.116,-289.4000000000002,0.519999999999996,150.48799999999895
2026-08-06 23:00:00,23,28.752,28.419,98.22,104.91,25.196,31.642,33.29999999999984,6.689999999999998,-222.77699999999885
2026-08-07 00:00:00,0,28.363,27.895,87.73,57.37,24.622,31.168,46.800000000000004,-30.360000000000007,1420.8480000000004
2026-08-07 01:00:00,1,28.778,27.371,89.54,85.98,24.048,30.694,140.70000000000002,-3.5600000000000023,500.8920000000004
2026-08-07 02:00:00,2,24.622,26.848,83.09,85.99,23.476,30.22,-222.5999999999999,2.8999999999999915,645.5399999999978
2026-08-07 03:00:00,3,23.951,26.328,81.81,68.0,22.908,29.748,-237.69999999999993,-13.810000000000002,-3282.6369999999997
2026-08-07 04:00:00,4,26.75,25.81,89.26,93.9,22.343,29.277,94.00000000000013,4.640000000000001,-436.16000000000065
2026-08-07 05:00:00,5,25.831,25.297,92.65,90.2,21.783,28.811,53.39999999999989,-2.450000000000003,130.8299999999999
2026-08-07 06:00:00,6,17.451,17.001,65.46,86.53,13.442,20.56,44.999999999999936,21.070000000000007,-948.149999999999
2026-08-07 07:00:00,7,13.866,13.242,55.09,73.97,9.638,16.846,62.39999999999988,18.879999999999995,-1178.1119999999974
2026-08-07 08:00:00,8,8.746,9.97,41.5,35.91,6.322,13.618,-122.40000000000003,-5.590000000000003,-684.2160000000006
2026-08-07 09:00:00,9,7.673,7.255,41.74,39.92,3.564,10.946,41.80000000000002,-1.8200000000000003,76.07600000000005
2026-08-07 10:00:00,10,5.677,5.15,40.14,39.25,1.418,8.882,52.699999999999925,-0.8900000000000006,46.90299999999996
2026-08-07 11:00:00,11,2.406,3.691,40.25,34.83,-0.082,7.464,-128.49999999999997,-5.420000000000002,-696.47
2026-08-07 12:00:00,12,6.26,2.902,39.48,41.82,-0.91,6.714,335.79999999999995,2.3400000000000034,-785.7720000000011
2026-08-07 13:00:00,13,3.642,2.789,36.69,27.59,-1.061,6.639,85.29999999999998,-9.099999999999998,776.2299999999997
2026-08-07 14:00:00,14,1.201,3.346,30.36,16.79,-0.541,7.233,-214.5,-13.57,-2910.765
2026-08-07 15:00:00,15,5.735,4.553,45.15,52.62,0.631,8.475,118.20000000000005,7.469999999999999,-882.9540000000002
2026-08-07 16:00:00,16,4.621,6.376,48.05,488.45,2.419,10.333,-175.5,440.4,77290.2
2026-08-07 17:00:00,17,10.179,8.762,48.05,38.4,4.773,12.751,141.7,-9.649999999999999,1367.4049999999997
2026-08-07 18:00:00,18,13.729,11.643,56.02,414.69,7.623,15.663,208.59999999999988,358.67,-74818.56199999996
2026-08-07 19:00:00,19,17.596,19.073,70.67,63.09,15.023,23.123,-147.70000000000002,-7.579999999999998,-1119.5659999999998
2026-08-07 20:00:00,20,20.465,18.731,75.53,78.57,14.653,22.809,173.39999999999984,3.039999999999992,-527.1359999999981
2026-08-07 21:00:00,21,19.15,18.407,77.3,87.14,14.302,22.512,74.29999999999986,9.840000000000003,-731.1119999999988
2026-08-07 22:00:00,22,19.581,18.101,73.19,72.79,13.971,22.231,148.00000000000006,-0.3999999999999915,59.19999999999876
2026-08-07 23:00:00,23,21.229,17.814,73.04,401.98,13.661,21.967,341.49999999999994,328.94,-112333.00999999998
2026-08-08 00:00:00,0,8.465,8.907,48.77,42.57,4.732,13.082,-44.20000000000002,-6.200000000000003,-274.04000000000025
2026-08-08 01:00:00,1,7.303,8.66,48.28,45.92,4.465,12.855,-135.70000000000002,-2.3599999999999994,-320.25199999999995
2026-08-08 02:00:00,2,6.831,8.433,46.09,43.62,4.219,12.647,-160.19999999999993,-2.470000000000006,-395.6940000000008
2026-08-08 03:00:00,3,6.758,8.226,44.68,35.72,3.996,12.456,-146.8000000000001,-8.96,-1315.3280000000009
2026-08-08 04:00:00,4,7.903,8.041,49.43,47.31,3.796,12.286,-13.80000000000008,-2.1199999999999974,-29.256000000000135
2026-08-08 05:00:00,5,8.492,7.878,51.14,455.15,3.62,12.136,61.400000000000084,404.01,-24806.214000000033
2026-08-08 06:00:00,6,0.447,-0.051,34.29,28.4,-4.321,4.219,49.800000000000004,-5.890000000000001,293.32200000000006
2026-08-08 07:00:00,7,-2.684,-4.173,24.47,21.05,-8.452,0.106,148.89999999999998,-3.419999999999998,509.23799999999966
2026-08-08 08:00:00,8,-7.718,-7.741,10.13,7.06,-12.028,-3.454,2.2999999999999687,-3.070000000000001,7.060999999999907
2026-08-08 09:00:00,9,-8.024,-10.64,10.71,7.81,-14.933,-6.347,261.60000000000014,-2.9000000000000012,758.6400000000007
2026-08-08 10:00:00,10,-13.253,-12.777,3.45,2.71,-17.074,-8.48,-47.60000000000009,-0.7400000000000002,-35.224000000000075
2026-08-08 11:00:00,11,-9.187,-14.083,4.3,10.05,-18.382,-9.784,489.60000000000014,5.750000000000001,-2815.200000000001
2026-08-08 12:00:00,12,-13.393,-14.519,-0.21,10.28,-18.819,-10.219,112.59999999999997,10.49,-1181.1739999999998
2026-08-08 13:00:00,13,-15.615,-14.072,-8.15,-15.94,-18.371,-9.773,-154.30000000000013,-7.789999999999999,-1201.9970000000008
2026-08-08 14:00:00,14,-14.681,-12.754,-4.41,-18.84,-17.049,-8.459,-192.69999999999996,-14.43,-2780.660999999999
2026-08-08 15:00:00,15,-9.738,-10.606,11.47,-1.03,-14.896,-6.316,86.80000000000004,-12.5,1085.0000000000005
2026-08-08 16:00:00,16,-8.098,-7.696,10.73,4.88,-11.979,-3.413,-40.2000000000001,-5.8500000000000005,-235.1700000000006
2026-08-08 17:00:00,17,-2.831,-4.116,21.74,17.51,-8.391,0.159,128.49999999999997,-4.229999999999997,543.5549999999995
2026-08-08 18:00:00,18,0.868,0.016,24.25,15.01,-4.248,4.28,85.2,-9.24,787.248
2026-08-08 19:00:00,19,7.826,7.957,47.98,32.43,3.705,12.209,-13.100000000000023,-15.549999999999997,-203.70500000000033
2026-08-08 20:00:00,20,6.607,8.131,44.9,39.42,3.893,12.369,-152.4,-5.479999999999997,-835.1519999999996
2026-08-08 21:00:00,21,5.6,8.327,48.75,50.93,4.105,12.549,-272.70000000000005,2.1799999999999997,594.486
2026-08-08 22:00:00,22,7.74,8.544,43.58,50.72,4.339,12.749,-80.40000000000003,7.140000000000001,574.0560000000003
2026-08-08 23:00:00,23,10.322,8.781,51.36,44.68,4.595,12.967,154.09999999999988,-6.68,1029.3879999999992
2026-08-09 00:00:00,0,9.424,9.038,49.51,44.55,4.873,13.203,38.59999999999992,-4.960000000000001,191.45599999999965
2026-08-09 01:00:00,1,7.073,9.316,49.65,518.36,5.174,13.458,-224.30000000000007,468.71000000000004,105131.65300000003
2026-08-09 02:00:00,2,9.924,9.612,49.23,48.85,5.494,13.73,31.19999999999994,-0.37999999999999545,11.855999999999835
2026-08-09 03:00:00,3,10.62,9.927,52.26,42.08,5.835,14.019,69.29999999999997,-10.18,705.4739999999997
2026-08-09 04:00:00,4,8.669,10.26,49.28,56.16,6.196,14.324,-159.09999999999994,6.8799999999999955,1094.6079999999988
2026-08-09 05:00:00,5,10.887,10.61,52.48,31.05,6.575,14.645,27.700000000000102,-21.429999999999996,593.611000000002
2026-08-09 06:00:00,6,3.294,3.189,33.24,28.92,-0.816,7.194,10.5,-4.32,45.36
2026-08-09 07:00:00,7,-2.487,-0.43,23.08,26.7,-4.403,3.543,-205.70000000000002,3.620000000000001,744.6340000000002
2026-08-09 08:00:00,8,-2.859,-3.503,25.78,27.99,-7.443,0.437,64.40000000000002,2.2099999999999973,-142.32399999999987
2026-08-09 09:00:00,9,-4.906,-5.915,12.88,45.2,-9.82,-2.01,100.90000000000003,32.32,-3261.088000000001
2026-08-09 10:00:00,10,-5.624,-7.574,15.94,20.14,-11.443,-3.705,195.00000000000003,4.200000000000001,-819.0000000000003
2026-08-09 11:00:00,11,-6.515,-8.412,10.64,-1.4,-12.243,-4.581,189.70000000000013,-12.040000000000001,2283.9880000000016
2026-08-09 12:00:00,12,-10.871,-8.391,8.64,7.5,-12.184,-4.598,-248.00000000000006,-1.1400000000000006,-282.7200000000002
2026-08-09 13:00:00,13,-9.186,-7.498,1.48,-19.84,-11.251,-3.745,-168.79999999999998,-21.32,-3598.816
2026-08-09 14:00:00,14,-4.82,-5.747,14.94,13.97,-9.459,-2.035,92.69999999999996,-0.9699999999999989,89.91899999999985
2026-08-09 15:00:00,15,-2.255,-3.179,24.33,14.33,-6.848,0.49,92.39999999999999,-9.999999999999998,923.9999999999998
2026-08-09 16:00:00,16,1.063,0.136,36.38,47.36,-3.49,3.762,92.69999999999999,10.979999999999997,-1017.8459999999995
2026-08-09 17:00:00,17,11.042,4.107,51.81,45.21,0.525,7.689,693.5,-6.600000000000001,4577.100000000001
2026-08-09 18:00:00,18,9.642,8.614,46.77,45.37,5.077,12.151,102.79999999999987,-1.4000000000000057,143.9200000000004
2026-08-09 19:00:00,19,18.957,16.913,77.01,69.38,13.422,20.404,204.40000000000006,-7.63000000000001,1559.5720000000024
2026-08-09 20:00:00,20,19.146,17.428,64.11,84.97,13.984,20.872,171.8,20.86,-3583.748
2026-08-09 21:00:00,21,19.12,17.948,61.05,57.19,14.552,21.344,117.20000000000007,-3.8599999999999994,452.3920000000002
2026-08-09 22:00:00,22,17.902,18.469,68.92,90.91,15.122,21.816,-56.700000000000024,21.989999999999995,1246.8330000000003
2026-08-09 23:00:00,23,20.359,18.993,70.56,80.33,15.695,22.291,136.60000000000034,9.769999999999996,-1334.5820000000028
2026-08-10 00:00:00,0,26.766,28.157,82.58,88.36,24.908,31.406,-139.1000000000002,5.780000000000001,803.9980000000013
2026-08-10 01:00:00,1,28.255,28.681,92.77,97.2,25.483,31.879,-42.60000000000019,4.430000000000007,188.71800000000115
2026-08-10 02:00:00,2,28.33,29.204,91.08,836.4,26.057,32.351,-87.40000000000023,745.3199999999999,65140.96800000017
2026-08-10 03:00:00,3,29.872,29.724,91.24,68.11,26.628,32.82,14.799999999999969,-23.129999999999995,342.3239999999992
2026-08-10 04:00:00,4,34.408,30.241,98.35,95.01,27.196,33.286,416.7000000000002,-3.339999999999989,1391.7779999999962
2026-08-10 05:00:00,5,27.393,30.754,91.53,101.68,27.761,33.747,-336.1000000000001,10.150000000000006,3411.4150000000027
2026-08-10 06:00:00,6,24.709,23.473,84.74,84.15,20.532,26.414,123.60000000000008,-0.5899999999999892,72.92399999999871
2026-08-10 07:00:00,7,17.815,20.718,66.58,49.71,17.83,23.606,-290.2999999999999,-16.869999999999997,-4897.360999999997
2026-08-10 08:00:00,8,17.586,18.435,73.85,73.22,15.599,21.271,-84.90000000000003,-0.6299999999999955,-53.48699999999963
2026-08-10 09:00:00,9,18.653,16.693,64.53,84.98,13.877,19.509,195.99999999999974,20.450000000000003,-4008.1999999999953
2026-08-10 10:00:00,10,15.658,15.543,56.12,71.09,12.674,18.412,11.500000000000021,14.970000000000006,-172.1550000000004
2026-08-10 11:00:00,11,13.079,15.019,53.79,53.04,12.098,17.94,-193.99999999999997,-0.75,-145.49999999999997
2026-08-10 12:00:00,12,13.856,15.143,58.08,69.5,12.17,18.116,-128.7000000000001,11.420000000000002,1469.7540000000015
2026-08-10 13:00:00,13,17.143,15.92,66.47,62.07,12.895,18.945,122.30000000000007,-4.399999999999999,538.1200000000001
2026-08-10 14:00:00,14,16.027,17.342,62.07,41.63,14.265,20.419,-131.49999999999977,-20.439999999999998,-2687.859999999995
2026-08-10 15:00:00,15,19.777,19.387,72.7,631.91,16.259,22.515,39.00000000000006,559.2099999999999,-21809.190000000028
2026-08-10 16:00:00,16,22.102,22.02,71.4,90.15,18.841,25.199,8.200000000000074,18.75,-153.7500000000014
2026-08-10 17:00:00,17,24.014,25.187,86.38,83.1,21.957,28.417,-117.30000000000018,-3.280000000000001,-384.7440000000007
2026-08-10 18:00:00,18,32.676,28.817,99.34,96.42,25.537,32.097,385.9000000000002,-2.9200000000000017,1126.8280000000013
2026-08-10 19:00:00,19,38.103,36.962,116.07,112.48,33.633,40.291,114.09999999999982,-3.589999999999989,409.61899999999815
2026-08-10 20:00:00,20,33.657,37.302,103.19,126.04,33.924,40.68,-364.50000000000034,22.85000000000001,8328.825000000012
2026-08-10 21:00:00,21,37.96,37.624,113.12,132.63,34.198,41.05,33.59999999999985,19.50999999999999,-655.5359999999968
2026-08-10 22:00:00,22,36.737,37.928,110.88,137.5,34.455,41.401,-119.09999999999955,26.620000000000005,3170.4419999999886
2026-08-10 23:00:00,23,39.748,38.213,117.01,115.11,34.693,41.733,153.49999999999966,-1.9000000000000057,291.6500000000002
2026-08-11 00:00:00,0,37.052,38.479,111.86,115.41,34.914,42.044,-142.69999999999996,3.549999999999997,506.58499999999947
2026-08-11 01:00:00,1,38.518,38.724,117.83,99.63,35.114,42.334,-20.599999999999596,-18.200000000000003,-374.91999999999274
2026-08-11 02:00:00,2,39.858,38.949,116.25,133.98,35.296,42.602,90.89999999999989,17.72999999999999,-1611.6569999999972
2026-08-11 03:00:00,3,40.711,39.153,120.18,106.17,35.457,42.849,155.79999999999998,-14.010000000000005,2182.7580000000007
2026-08-11 04:00:00,4,37.175,39.336,109.21,111.81,35.599,43.073,-216.10000000000014,2.6000000000000085,561.8600000000022
2026-08-11 05:00:00,5,38.895,39.497,119.11,105.94,35.719,43.275,-60.19999999999968,-13.170000000000002,-792.833999999996
2026-08-11 06:00:00,6,30.993,31.848,93.26,86.19,28.031,35.665,-85.50000000000006,-7.070000000000007,-604.485000000001
2026-08-11 07:00:00,7,27.532,28.708,95.55,85.51,24.853,32.563,-117.59999999999985,-10.039999999999992,-1180.7039999999977
2026-08-11 08:00:00,8,29.203,26.026,91.87,84.57,22.135,29.917,317.7,-7.300000000000011,2319.2100000000037
2026-08-11 09:00:00,9,24.598,23.869,76.17,334.29,19.942,27.796,72.89999999999992,258.12,-18816.94799999998
2026-08-11 10:00:00,10,20.022,22.291,72.34,65.76,18.33,26.252,-226.9000000000002,-6.579999999999998,-1493.0020000000009
2026-08-11 11:00:00,11,22.98,21.327,75.61,85.61,17.334,25.32,165.29999999999987,10.0,-1652.9999999999986
2026-08-11 12:00:00,12,24.818,20.999,85.74,72.48,16.975,25.023,381.9000000000003,-13.259999999999991,5063.994000000001
2026-08-11 13:00:00,13,23.17,21.311,76.14,78.79,17.257,25.365,185.9000000000002,2.6500000000000057,-492.6350000000016
2026-08-11 14:00:00,14,19.524,22.259,68.95,83.56,18.177,26.341,-273.49999999999994,14.61,3995.834999999999
2026-08-11 15:00:00,15,22.95,23.821,70.71,64.55,19.713,27.929,-87.10000000000024,-6.159999999999997,-536.5360000000012
2026-08-11 16:00:00,16,28.242,25.962,88.1,79.49,21.829,30.095,228.0000000000001,-8.61,1963.0800000000008
2026-08-11 17:00:00,17,27.355,28.629,78.26,75.5,24.473,32.785,-127.40000000000009,-2.760000000000005,-351.6240000000009
2026-08-11 18:00:00,18,32.552,31.753,93.06,107.21,27.575,35.931,79.89999999999996,14.149999999999991,-1130.584999999999
2026-08-11 19:00:00,19,40.781,39.386,120.54,122.87,35.188,43.584,139.4999999999996,2.3299999999999983,-325.03499999999883
2026-08-11 20:00:00,20,37.542,39.21,113.51,107.14,34.994,43.426,-166.79999999999995,-6.3700000000000045,-1062.5160000000005
2026-08-11 21:00:00,21,38.905,39.012,115.07,120.88,34.78,43.244,-10.699999999999932,5.810000000000002,62.166999999999625
2026-08-11 22:00:00,22,32.959,38.794,96.42,792.41,34.547,43.041,-583.4999999999994,695.99,406110.16499999963
2026-08-11 23:00:00,23,36.71,38.554,108.35,116.53,34.294,42.814,-184.40000000000012,8.180000000000007,1508.3920000000023
2026-08-12 00:00:00,0,37.84,38.295,111.01,654.48,34.024,42.566,-45.49999999999983,543.47,24727.884999999907
2026-08-12 01:00:00,1,35.77,38.016,101.84,98.14,33.736,42.296,-224.5999999999995,-3.700000000000003,-831.0199999999988
2026-08-12 02:00:00,2,40.656,37.717,123.24,113.17,33.429,42.005,293.90000000000003,-10.069999999999993,2959.5729999999985
2026-08-12 03:00:00,3,34.826,37.401,107.91,97.27,33.107,41.695,-257.5000000000003,-10.64,-2739.8000000000034
2026-08-12 04:00:00,4,36.274,37.066,106.7,113.12,32.768,41.364,-79.20000000000016,6.420000000000002,508.46400000000114
2026-08-12 05:00:00,5,36.949,36.714,109.17,123.92,32.414,41.014,23.499999999999943,14.75,-346.62499999999915
2026-08-12 06:00:00,6,31.151,28.557,97.14,89.5,24.257,32.857,259.40000000000015,-7.640000000000001,1981.8160000000012
2026-08-12 07:00:00,7,22.331,24.916,68.74,74.24,20.618,29.214,-258.5000000000001,5.5,1421.7500000000007
2026-08-12 08:00:00,8,23.832,21.739,79.22,54.18,17.444,26.034,209.3,-25.04,5240.872
2026-08-12 09:00:00,9,19.114,19.096,67.1,60.09,14.806,23.386,1.8000000000000682,-7.009999999999991,12.618000000000462
2026-08-12 10:00:00,10,15.274,17.041,57.38,57.0,12.759,21.323,-176.70000000000013,-0.38000000000000256,-67.1460000000005
2026-08-12 11:00:00,11,16.442,15.61,62.83,51.91,11.336,19.884,83.20000000000007,-10.920000000000002,908.5440000000009
2026-08-12 12:00:00,12,15.183,14.825,68.37,57.13,10.562,19.088,35.80000000000006,-11.240000000000002,402.39200000000073
2026-08-12 13:00:00,13,13.613,14.694,60.29,52.28,10.444,18.944,-108.10000000000014,-8.009999999999998,-865.8810000000009
2026-08-12 14:00:00,14,15.335,15.21,59.23,62.74,10.974,19.446,12.5,3.510000000000005,-43.875000000000064
2026-08-12 15:00:00,15,15.66,16.353,64.52,62.27,12.133,20.573,-69.30000000000014,-2.249999999999993,-155.9249999999998
2026-08-12 16:00:00,16,18.294,18.09,73.62,46.76,13.888,22.292,20.400000000000063,-26.860000000000007,547.9440000000018
2026-08-12 17:00:00,17,21.56,20.368,78.91,53.46,16.185,24.551,119.20000000000003,-25.449999999999996,3033.6400000000003
2026-08-12 18:00:00,18,25.974,23.119,85.16,77.88,18.957,27.281,285.50000000000006,-7.280000000000001,2078.440000000001
2026-08-12 19:00:00,19,28.168,30.396,87.16,92.65,26.257,34.535,-222.80000000000015,5.490000000000009,1223.172000000003
2026-08-12 20:00:00,20,33.719,29.88,104.75,71.78,25.765,33.995,383.90000000000026,-32.97,12657.183000000008
2026-08-12 21:00:00,21,25.847,29.36,86.22,80.22,25.271,33.449,-351.29999999999984,-6.0,-2107.7999999999993
2026-08-12 22:00:00,22,28.565,28.838,94.2,87.89,24.777,32.899,-27.29999999999997,-6.310000000000002,-172.26299999999986
2026-08-12 23:00:00,23,29.374,28.315,94.94,111.6,24.283,32.347,105.89999999999975,16.659999999999997,-1764.2939999999955
2026-08-13 00:00:00,0,28.296,27.79,94.23,89.61,23.789,31.791,50.60000000000002,-4.6200000000000045,233.77200000000033
2026-08-13 01:00:00,1,26.146,27.266,83.16,87.75,23.297,31.235,-111.99999999999976,4.590000000000003,514.0799999999992
2026-08-13 02:00:00,2,26.369,26.744,91.06,92.76,22.809,30.679,-37.5,1.7000000000000028,63.75000000000011
2026-08-13 03:00:00,3,25.336,26.224,84.31,58.74,22.324,30.124,-88.80000000000018,-25.57,-2270.6160000000045
2026-08-13 04:00:00,4,24.646,25.707,90.3,99.52,21.843,29.571,-106.10000000000001,9.219999999999999,978.242
2026-08-13 05:00:00,5,26.724,25.195,83.82,86.4,21.368,29.022,152.9,2.5800000000000125,-394.4820000000019
2026-08-13 06:00:00,6,17.542,16.9,73.32,79.41,13.112,20.688,64.2000000000003,6.090000000000003,-390.97800000000206
2026-08-13 07:00:00,7,11.895,13.142,54.74,101.85,9.394,16.89,-124.7,47.10999999999999,5874.616999999999
2026-08-13 08:00:00,8,11.491,9.872,50.45,25.44,6.166,13.578,161.89999999999998,-25.01,4049.1189999999997
2026-08-13 09:00:00,9,7.711,7.158,42.81,63.5,3.494,10.822,55.29999999999999,20.689999999999998,-1144.1569999999997
2026-08-13 10:00:00,10,6.518,5.055,40.84,37.39,1.434,8.676,146.3,-3.450000000000003,504.73500000000047
2026-08-13 11:00:00,11,4.732,3.599,39.89,43.33,0.023,7.175,113.30000000000001,3.4399999999999977,-389.7519999999998
2026-08-13 12:00:00,12,1.32,2.812,32.77,32.23,-0.719,6.343,-149.2,-0.5400000000000063,-80.56800000000092
2026-08-13 13:00:00,13,1.693,2.701,29.21,24.12,-0.784,6.186,-100.80000000000001,-5.09,-513.072
2026-08-13 14:00:00,14,4.606,3.261,37.81,30.98,-0.177,6.699,134.49999999999997,-6.830000000000002,918.6350000000001
2026-08-13 15:00:00,15,5.569,4.471,48.6,52.55,1.081,7.861,109.79999999999998,3.9499999999999957,-433.70999999999947
2026-08-13 16:00:00,16,6.259,6.296,48.46,30.25,2.955,9.637,-3.699999999999992,-18.21,-67.37699999999987
2026-08-13 17:00:00,17,8.897,8.686,49.1,778.5,5.394,11.978,21.10000000000003,729.4,-15390.340000000022
2026-08-13 18:00:00,18,13.87,11.57,58.45,53.45,8.328,14.812,229.99999999999991,-5.0,1149.9999999999995
2026-08-13 19:00:00,19,17.938,19.003,67.72,54.16,15.811,22.195,-106.50000000000014,-13.560000000000002,-1444.1400000000021
2026-08-13 20:00:00,20,19.65,18.665,73.46,68.06,15.524,21.806,98.49999999999994,-5.3999999999999915,531.8999999999988
2026-08-13 21:00:00,21,17.981,18.344,63.24,78.33,15.254,21.434,-36.299999999999955,15.089999999999996,547.7669999999991
2026-08-13 22:00:00,22,17.651,18.042,65.58,59.16,15.004,21.08,-39.100000000000186,-6.420000000000002,-251.02200000000127
2026-08-13 23:00:00,23,19.737,17.759,64.53,68.83,14.773,20.745,197.7999999999998,4.299999999999997,-850.5399999999986
2026-08-14 00:00:00,0,18.982,17.496,71.14,62.36,14.562,20.43,148.60000000000008,-8.780000000000001,1304.7080000000008
2026-08-14 01:00:00,1,18.717,17.253,71.54,80.64,14.371,20.135,146.39999999999986,9.099999999999994,-1332.239999999998
2026-08-14 02:00:00,2,19.38,17.03,68.48,76.71,14.201,19.859,234.99999999999977,8.22999999999999,-1934.0499999999956
2026-08-14 03:00:00,3,16.865,16.828,71.18,93.36,14.005,19.651,3.6999999999999034,22.179999999999993,-82.06599999999783
2026-08-14 04:00:00,4,17.875,16.647,62.2,60.09,13.772,19.522,122.80000000000017,-2.1099999999999994,259.1080000000003
2026-08-14 05:00:00,5,15.93,16.488,56.97,64.99,13.56,19.416,-55.79999999999998,8.019999999999996,447.5159999999996
2026-08-14 06:00:00,6,9.146,8.563,48.8,49.98,5.583,11.543,58.300000000000026,1.1799999999999997,-68.79400000000001
2026-08-14 07:00:00,7,4.957,5.192,42.87,58.42,2.16,8.224,-23.500000000000032,15.550000000000004,365.4250000000006
2026-08-14 08:00:00,8,2.497,2.322,40.01,31.38,-0.761,5.405,17.499999999999982,-8.629999999999999,151.02499999999984
2026-08-14 09:00:00,9,1.095,0.024,28.35,37.29,-3.111,3.159,107.10000000000001,8.939999999999998,-957.4739999999998
2026-08-14 10:00:00,10,-3.123,-1.65,25.22,22.89,-4.836,1.536,-147.30000000000004,-2.3299999999999983,-343.20899999999983
2026-08-14 11:00:00,11,1.102,-2.664,30.05,29.28,-5.9,0.572,376.6,-0.7699999999999996,289.98199999999986
2026-08-14 12:00:00,12,-4.809,-2.998,16.51,17.61,-6.284,0.288,-181.10000000000002,1.0999999999999979,199.20999999999964
2026-08-14 13:00:00,13,-4.829,-2.644,20.69,301.03,-5.979,0.691,-218.49999999999997,280.34,61254.289999999986
2026-08-14 14:00:00,14,0.476,-1.609,31.43,30.04,-4.993,1.775,208.5,-1.3900000000000006,289.8150000000001
2026-08-14 15:00:00,15,1.511,0.086,24.8,27.37,-3.346,3.518,142.49999999999997,2.5700000000000003,-366.22499999999997
2026-08-14 16:00:00,16,3.527,2.404,41.45,60.38,-1.075,5.883,112.30000000000003,18.93,-2125.8390000000004
2026-08-14 17:00:00,17,6.425,5.294,47.43,59.26,1.769,8.819,113.10000000000002,11.829999999999998,-1337.9730000000002
2026-08-14 18:00:00,18,8.663,8.685,44.34,54.77,5.114,12.256,-2.200000000000024,10.43,22.94600000000025
2026-08-14 19:00:00,19,15.015,16.63,62.4,56.93,13.015,20.245,-161.49999999999986,-5.469999999999999,-883.4049999999991
2026-08-14 20:00:00,20,16.945,16.809,67.03,56.36,13.15,20.468,13.599999999999923,-10.670000000000002,145.1119999999992
2026-08-14 21:00:00,21,15.79,17.009,63.56,75.02,13.308,20.71,-121.90000000000012,11.459999999999994,1396.9740000000006
2026-08-14 22:00:00,22,18.985,17.229,67.34,77.86,13.486,20.972,175.60000000000002,10.519999999999996,-1847.3119999999994
2026-08-14 23:00:00,23,17.206,17.471,62.95,80.62,13.688,21.254,-26.500000000000057,17.67,468.2550000000011
2026-08-15 00:00:00,0,7.606,9.092,44.41,37.16,5.27,12.914,-148.60000000000008,-7.25,-1077.3500000000006
2026-08-15 01:00:00,1,8.795,9.373,51.82,49.06,5.513,13.233,-57.79999999999995,-2.759999999999998,-159.52799999999974
2026-08-15 02:00:00,2,10.417,9.673,52.87,33.2,5.777,13.569,74.39999999999998,-19.669999999999995,1463.4479999999992
2026-08-15 03:00:00,3,8.977,9.992,46.05,41.34,6.061,13.923,-101.50000000000006,-4.709999999999994,-478.06499999999966
2026-08-15 04:00:00,4,8.849,10.329,50.33,474.94,6.364,14.294,-148.00000000000006,424.61,62842.28000000003
2026-08-15 05:00:00,5,11.121,10.682,40.85,35.25,6.685,14.679,43.900000000000006,-5.600000000000001,245.8400000000001
2026-08-15 06:00:00,6,3.705,3.264,40.53,48.21,-0.764,7.292,44.10000000000003,7.68,-338.6880000000002
2026-08-15 07:00:00,7,-1.264,-0.351,18.04,15.75,-4.408,3.706,-91.30000000000001,-2.289999999999999,-209.07699999999994
2026-08-15 08:00:00,8,-4.27,-3.422,16.94,20.82,-7.507,0.663,-84.79999999999995,3.879999999999999,329.0239999999997
2026-08-15 09:00:00,9,-5.413,-5.831,11.39,-2.38,-9.942,-1.72,41.80000000000002,-13.77,575.5860000000002
2026-08-15 10:00:00,10,-10.093,-7.487,0.39,1.42,-11.623,-3.351,-260.6,1.0299999999999998,268.41799999999995
2026-08-15 11:00:00,11,-10.856,-8.323,8.54,-27.35,-12.482,-4.164,-253.29999999999995,-35.89,-9090.936999999998
2026-08-15 12:00:00,12,-9.592,-8.299,4.8,2.56,-12.479,-4.119,-129.30000000000013,-2.2399999999999998,-289.63200000000023
2026-08-15 13:00:00,13,-7.788,-7.404,12.03,-7.53,-11.604,-3.204,-38.400000000000034,-19.56,-751.1040000000006
2026-08-15 14:00:00,14,-5.091,-5.651,16.39,30.86,-9.869,-1.433,55.99999999999997,14.469999999999999,-810.3199999999995
2026-08-15 15:00:00,15,-0.426,-3.082,28.75,38.08,-7.316,1.152,265.59999999999997,9.329999999999998,-2478.0479999999993
2026-08-15 16:00:00,16,1.779,0.235,32.0,37.6,-4.014,4.484,154.4,5.600000000000001,-864.6400000000002
2026-08-15 17:00:00,17,3.919,4.207,31.27,571.77,-0.054,8.468,-28.799999999999983,540.5,15566.39999999999
2026-08-15 18:00:00,18,8.681,8.716,50.86,39.48,4.444,12.988,-3.500000000000014,-11.380000000000003,-39.83000000000017
2026-08-15 19:00:00,19,15.211,17.016,59.27,80.24,12.735,21.297,-180.4999999999998,20.96999999999999,3785.084999999994
2026-08-15 20:00:00,20,17.499,17.532,60.05,71.24,13.243,21.821,-3.300000000000125,11.189999999999998,36.92700000000139
2026-08-15 21:00:00,21,17.532,18.052,64.64,61.8,13.758,22.346,-51.99999999999996,-2.8400000000000034,-147.68000000000006
2026-08-15 22:00:00,22,19.155,18.574,75.92,89.55,14.276,22.872,58.09999999999996,13.629999999999995,-791.9029999999992
2026-08-15 23:00:00,23,17.609,19.098,69.92,56.64,14.798,23.398,-148.89999999999972,-13.280000000000001,-1977.3919999999964
2026-08-16 00:00:00,0,20.557,19.622,71.61,61.72,15.322,23.922,93.49999999999989,-9.89,924.7149999999989
2026-08-16 01:00:00,1,22.905,20.146,76.77,69.47,15.848,24.444,275.90000000000003,-7.299999999999997,2014.0699999999995
2026-08-16 02:00:00,2,20.472,20.668,71.53,65.18,16.374,24.962,-19.599999999999795,-6.349999999999994,-124.45999999999859
2026-08-16 03:00:00,3,21.911,21.188,84.29,71.61,16.899,25.477,72.30000000000025,-12.680000000000007,916.7640000000036
2026-08-16 04:00:00,4,22.947,21.704,79.79,94.47,17.423,25.985,124.29999999999987,14.679999999999993,-1824.7239999999972
2026-08-16 05:00:00,5,21.494,22.216,76.79,73.68,17.944,26.488,-72.20000000000014,-3.1099999999999994,-224.5420000000004
2026-08-16 06:00:00,6,15.338,14.934,65.64,69.87,10.673,19.195,40.39999999999999,4.230000000000004,-170.89200000000014
2026-08-16 07:00:00,7,11.455,11.432,53.93,47.09,7.183,15.681,2.2999999999999687,-6.839999999999996,15.731999999999777
2026-08-16 08:00:00,8,8.629,8.453,45.73,23.88,4.219,12.687,17.60000000000002,-21.849999999999998,384.5600000000004
2026-08-16 09:00:00,9,4.721,6.112,37.38,40.62,1.894,10.33,-139.1,3.239999999999995,450.6839999999993
2026-08-16 10:00:00,10,4.547,4.503,37.5,14.55,0.303,8.703,4.3999999999999595,-22.95,100.97999999999907
2026-08-16 11:00:00,11,4.586,3.69,37.72,36.9,-0.49,7.87,89.60000000000004,-0.8200000000000003,73.47200000000005
2026-08-16 12:00:00,12,6.325,3.713,44.6,28.18,-0.446,7.872,261.2,-16.42,4288.904
2026-08-16 13:00:00,13,6.312,4.585,41.87,65.72,0.449,8.721,172.70000000000005,23.85,-4118.895000000001
2026-08-16 14:00:00,14,10.168,6.293,53.08,64.02,2.182,10.404,387.49999999999994,10.939999999999998,-4239.249999999998
2026-08-16 15:00:00,15,7.412,8.793,43.76,45.03,4.708,12.878,-138.09999999999994,1.2700000000000031,175.38700000000034
2026-08-16 16:00:00,16,13.589,12.019,57.99,73.15,7.962,16.076,157.00000000000003,15.160000000000004,-2380.120000000001
2026-08-16 17:00:00,17,16.207,15.877,55.44,45.29,11.849,19.905,33.00000000000001,-10.149999999999999,334.95000000000005
2026-08-16 18:00:00,18,24.191,20.249,84.66,91.19,16.252,24.246,394.20000000000005,6.530000000000001,-2574.1260000000007
2026-08-16 19:00:00,19,26.936,28.391,88.42,90.82,24.426,32.356,-145.49999999999983,2.3999999999999915,349.19999999999834
2026-08-16 20:00:00,20,27.216,28.728,91.65,94.82,24.797,32.659,-151.20000000000005,3.1699999999999875,479.30399999999827
2026-08-16 21:00:00,21,27.968,29.047,77.72,92.99,25.151,32.943,-107.90000000000008,15.269999999999996,1647.6330000000007
2026-08-16 22:00:00,22,25.524,29.347,92.28,101.07,25.487,33.207,-382.30000000000007,8.789999999999992,3360.4169999999976
2026-08-16 23:00:00,23,28.681,29.628,90.32,833.05,25.806,33.45,-94.69999999999993,742.73,70336.53099999994
2026-08-17 00:00:00,0,37.163,38.529,113.97,94.11,34.746,42.312,-136.60000000000068,-19.86,-2712.8760000000134
2026-08-17 01:00:00,1,39.041,38.771,109.51,97.99,35.028,42.514,26.999999999999602,-11.52000000000001,311.0399999999957
2026-08-17 02:00:00,2,39.607,38.991,117.36,115.89,35.29,42.692,61.599999999999966,-1.4699999999999989,90.55199999999988
2026-08-17 03:00:00,3,42.568,39.191,117.22,118.34,35.532,42.85,337.6999999999996,1.1200000000000045,-378.22400000000107
2026-08-17 04:00:00,4,41.081,39.37,115.66,102.1,35.755,42.985,171.1000000000006,-13.560000000000002,2320.1160000000086
2026-08-17 05:00:00,5,38.488,39.527,120.11,149.05,35.956,43.098,-103.90000000000015,28.940000000000012,3006.8660000000054
2026-08-17 06:00:00,6,30.256,31.873,93.58,111.78,28.348,35.398,-161.7000000000001,18.200000000000003,2942.9400000000023
2026-08-17 07:00:00,7,29.615,28.729,93.8,101.03,25.25,32.208,88.59999999999992,7.230000000000004,-640.5779999999997
2026-08-17 08:00:00,8,23.665,26.042,83.32,84.19,22.61,29.474,-237.70000000000024,0.8700000000000045,206.79900000000129
2026-08-17 09:00:00,9,27.178,23.881,89.55,87.01,20.497,27.265,329.70000000000005,-2.539999999999992,837.4379999999975
2026-08-17 10:00:00,10,24.421,22.298,82.11,70.68,18.963,25.633,212.3000000000001,-11.429999999999993,2426.5889999999995
2026-08-17 11:00:00,11,20.486,21.33,74.31,75.24,18.044,24.616,-84.39999999999976,0.9299999999999926,78.49199999999915
2026-08-17 12:00:00,12,17.913,20.997,76.8,79.89,17.761,24.233,-308.4,3.0900000000000034,952.9560000000009
2026-08-17 13:00:00,13,23.742,21.305,79.78,64.88,18.119,24.491,243.70000000000016,-14.900000000000006,3631.1300000000037
2026-08-17 14:00:00,14,22.042,22.248,77.08,81.09,19.113,25.383,-20.59999999999995,4.010000000000005,82.60599999999991
2026-08-17 15:00:00,15,26.034,23.806,89.26,87.39,20.723,26.889,222.79999999999984,-1.8700000000000045,416.6360000000007
2026-08-17 16:00:00,16,23.072,25.941,82.96,60.06,22.909,28.973,-286.90000000000003,-22.89999999999999,-6570.009999999998
2026-08-17 17:00:00,17,27.525,28.604,93.08,82.76,25.624,31.584,-107.90000000000008,-10.319999999999993,-1113.528
2026-08-17 18:00:00,18,31.733,31.724,100.15,95.18,28.796,34.652,0.9000000000000341,-4.969999999999999,4.473000000000169
2026-08-17 19:00:00,19,39.438,39.353,109.97,132.62,36.478,42.228,8.500000000000085,22.650000000000006,-192.52500000000197
2026-08-17 20:00:00,20,38.362,39.172,118.71,125.39,36.349,41.995,-80.99999999999953,6.680000000000007,541.0799999999974
2026-08-17 21:00:00,21,40.091,38.97,111.39,95.37,36.141,41.799,112.10000000000024,-16.019999999999996,1795.8420000000033
2026-08-17 22:00:00,22,36.826,38.747,110.01,115.84,35.865,41.629,-192.09999999999994,5.829999999999998,1119.9429999999993
2026-08-17 23:00:00,23,38.248,38.504,108.91,90.34,35.57,41.438,-25.600000000000023,-18.569999999999993,-475.3920000000002
2026-08-18 00:00:00,0,38.457,38.241,112.13,125.12,35.255,41.227,21.600000000000108,12.990000000000009,-280.5840000000016
2026-08-18 01:00:00,1,38.884,37.958,114.64,108.98,34.92,40.996,92.6000000000002,-5.659999999999997,524.1160000000008
2026-08-18 02:00:00,2,38.936,37.656,114.72,113.6,34.566,40.746,128.0000000000001,-1.1200000000000045,143.3600000000007
2026-08-18 03:00:00,3,35.311,37.335,107.15,123.06,34.194,40.476,-202.4000000000001,15.909999999999997,3220.1840000000007
2026-08-18 04:00:00,4,34.235,36.997,109.55,94.11,33.805,40.189,-276.20000000000005,-15.439999999999998,-4264.528
2026-08-18 05:00:00,5,38.941,36.641,115.26,98.5,33.399,39.883,230.00000000000043,-16.760000000000005,3854.8000000000084
2026-08-18 06:00:00,6,29.079,28.481,90.78,399.63,25.189,31.773,59.7999999999999,308.85,-18469.22999999997
2026-08-18 07:00:00,7,23.49,24.837,83.31,95.77,21.496,28.178,-134.70000000000013,12.459999999999994,1678.3620000000008
2026-08-18 08:00:00,8,24.449,21.657,86.32,68.09,18.267,25.047,279.2000000000002,-18.22999999999999,5089.816000000001
2026-08-18 09:00:00,9,19.22,19.012,65.15,31.17,15.574,22.45,20.79999999999984,-33.980000000000004,706.7839999999946
2026-08-18 10:00:00,10,19.077,16.954,72.14,66.72,13.469,20.439,212.3000000000001,-5.420000000000002,1150.6660000000008
2026-08-18 11:00:00,11,15.642,15.521,65.0,71.62,11.99,19.052,12.099999999999866,6.6200000000000045,-80.10199999999917
2026-08-18 12:00:00,12,18.443,14.733,67.16,81.57,11.157,18.309,371.0000000000001,14.409999999999997,-5346.110000000001
2026-08-18 13:00:00,13,17.759,14.6,72.35,66.79,10.979,18.221,315.9000000000001,-5.559999999999988,1756.4039999999968
2026-08-18 14:00:00,14,14.666,15.114,59.44,54.51,11.45,18.778,-44.80000000000004,-4.93,-220.86400000000017
2026-08-18 15:00:00,15,18.005,16.256,67.89,81.74,12.55,19.962,174.8999999999999,13.849999999999994,-2422.3649999999975
2026-08-18 16:00:00,16,19.152,17.991,69.22,46.78,14.243,21.739,116.10000000000014,-22.439999999999998,2605.284000000003
2026-08-18 17:00:00,17,22.731,20.267,77.85,73.19,16.479,24.055,246.40000000000023,-4.659999999999997,1148.2240000000002
2026-08-18 18:00:00,18,21.28,23.017,70.21,775.54,19.19,26.844,-173.69999999999985,705.3299999999999,122515.82099999988
2026-08-18 19:00:00,19,31.528,30.293,91.38,96.77,26.429,34.157,123.49999999999996,5.390000000000001,-665.6649999999998
2026-08-18 20:00:00,20,31.681,29.776,103.86,97.74,25.876,33.676,190.5000000000001,-6.1200000000000045,1165.8600000000015
2026-08-18 21:00:00,21,26.09,29.256,81.79,82.2,25.321,33.191,-316.6000000000001,0.4099999999999966,129.80599999999896
2026-08-18 22:00:00,22,26.604,28.734,82.34,52.48,24.765,32.703,-213.00000000000028,-29.860000000000007,-6360.18000000001
2026-08-18 23:00:00,23,24.539,28.21,73.15,65.25,24.209,32.211,-367.09999999999997,-7.900000000000006,-2900.090000000002
2026-08-19 00:00:00,0,27.201,27.685,85.06,90.51,23.653,31.717,-48.39999999999982,5.450000000000003,263.7799999999992
2026-08-19 01:00:00,1,28.453,27.162,85.08,73.3,23.101,31.223,129.10000000000005,-11.780000000000001,1520.7980000000007
2026-08-19 02:00:00,2,29.344,26.64,98.9,99.61,22.551,30.729,270.40000000000003,0.7099999999999937,-191.98399999999833
2026-08-19 03:00:00,3,26.254,26.12,89.58,94.94,22.005,30.235,13.400000000000034,5.359999999999999,-71.82400000000017
2026-08-19 04:00:00,4,28.536,25.604,87.8,83.69,21.465,29.743,293.2000000000002,-4.109999999999999,1205.0520000000008
2026-08-19 05:00:00,5,22.609,25.093,86.53,88.57,20.931,29.255,-248.39999999999984,2.039999999999992,506.73599999999766
2026-08-19 06:00:00,6,13.733,16.799,61.92,50.37,12.616,20.982,-306.5999999999999,-11.550000000000004,-3541.2300000000005
2026-08-19 07:00:00,7,12.943,13.043,54.95,52.47,8.841,17.245,-9.999999999999964,-2.480000000000004,-24.79999999999995
2026-08-19 08:00:00,8,10.465,9.774,40.8,48.13,5.554,13.994,69.10000000000007,7.330000000000005,-506.50300000000084
2026-08-19 09:00:00,9,7.004,7.062,52.35,54.23,2.826,11.298,-5.800000000000072,1.8799999999999955,10.904000000000108
2026-08-19 10:00:00,10,1.24,4.961,24.95,17.91,0.711,9.211,-372.1,-7.039999999999999,-2619.584
2026-08-19 11:00:00,11,3.347,3.507,28.56,31.25,-0.756,7.77,-16.000000000000014,2.6900000000000013,43.040000000000056
2026-08-19 12:00:00,12,0.374,2.722,32.69,319.56,-1.552,6.996,-234.8,286.87,67357.076
2026-08-19 13:00:00,13,3.819,2.614,45.94,21.34,-1.668,6.896,120.5,-24.599999999999998,2964.2999999999997
2026-08-19 14:00:00,14,3.836,3.176,41.75,55.66,-1.114,7.466,65.99999999999997,13.909999999999997,-918.0599999999994
2026-08-19 15:00:00,15,2.697,4.389,35.97,31.93,0.094,8.684,-169.20000000000005,-4.039999999999999,-683.568
2026-08-19 16:00:00,16,5.292,6.217,41.8,46.91,1.919,10.515,-92.49999999999999,5.109999999999999,472.6749999999999
2026-08-19 17:00:00,17,6.703,8.61,45.94,60.31,4.31,12.91,-190.69999999999993,14.370000000000005,2740.359
2026-08-19 18:00:00,18,11.385,11.498,55.86,39.4,7.198,15.798,-11.299999999999955,-16.46,-185.99799999999925
2026-08-19 19:00:00,19,20.653,18.934,74.34,65.83,14.636,23.232,171.89999999999978,-8.510000000000005,1462.868999999999
2026-08-19 20:00:00,20,16.825,18.599,65.21,61.75,14.305,22.893,-177.4000000000001,-3.4599999999999937,-613.8039999999992
2026-08-19 21:00:00,21,19.19,18.283,69.75,60.34,13.995,22.571,90.7,-9.409999999999997,853.4869999999997
2026-08-19 22:00:00,22,17.03,17.984,62.23,471.97,13.704,22.264,-95.40000000000008,409.74,39089.19600000003
2026-08-19 23:00:00,23,16.278,17.705,62.47,52.19,13.434,21.976,-142.69999999999996,-10.280000000000001,-1466.9559999999997
2026-08-20 00:00:00,0,17.253,17.446,58.96,52.3,13.186,21.706,-19.30000000000014,-6.660000000000004,-128.538000000001
2026-08-20 01:00:00,1,15.343,17.206,61.14,63.59,12.959,21.453,-186.29999999999995,2.450000000000003,456.4350000000004
2026-08-20 02:00:00,2,15.991,16.988,59.0,44.58,12.756,21.22,-99.69999999999999,-14.420000000000002,-1437.674
2026-08-20 03:00:00,3,14.634,16.79,55.56,50.81,12.574,21.006,-215.59999999999988,-4.75,-1024.0999999999995
2026-08-20 04:00:00,4,20.15,16.614,72.83,76.64,12.416,20.812,353.5999999999998,3.8100000000000023,-1347.2160000000001
2026-08-20 05:00:00,5,16.522,16.459,69.7,65.7,12.281,20.637,6.2999999999998835,-4.0,25.199999999999534
2026-08-20 06:00:00,6,7.279,8.538,47.47,46.34,4.382,12.694,-125.90000000000005,-1.1299999999999955,-142.26699999999948
2026-08-20 07:00:00,7,5.556,5.171,33.72,27.37,1.038,9.304,38.49999999999998,-6.349999999999998,244.4749999999998
2026-08-20 08:00:00,8,2.104,2.306,28.45,10.28,-1.802,6.414,-20.199999999999996,-18.17,-367.03399999999993
2026-08-20 09:00:00,9,-0.385,0.013,30.69,636.83,-4.069,4.095,-39.800000000000004,606.14,24124.372000000003
2026-08-20 10:00:00,10,-0.551,-1.657,22.64,43.7,-5.711,2.397,110.59999999999998,21.060000000000002,-2329.236
2026-08-20 11:00:00,11,-1.303,-2.666,24.01,24.23,-6.69,1.358,136.3,0.21999999999999886,-29.985999999999848
2026-08-20 12:00:00,12,-3.95,-2.995,21.29,23.99,-6.988,0.998,-95.50000000000001,2.6999999999999993,257.84999999999997
2026-08-20 13:00:00,13,-3.673,-2.636,15.82,24.14,-6.597,1.325,-103.7,8.32,862.7840000000001
2026-08-20 14:00:00,14,-2.092,-1.597,23.6,8.37,-5.524,2.33,-49.500000000000014,-15.230000000000002,-753.8850000000003
2026-08-20 15:00:00,15,-4.042,0.102,13.55,33.98,-3.789,3.993,-414.40000000000003,20.429999999999996,8466.192
2026-08-20 16:00:00,16,-0.303,2.425,24.71,27.14,-1.43,6.28,-272.79999999999995,2.4299999999999997,662.9039999999998
2026-08-20 17:00:00,17,7.779,5.319,46.17,65.75,1.502,9.136,246.0,19.58,-4816.679999999999
2026-08-20 18:00:00,18,11.676,8.715,47.09,38.3,4.937,12.493,296.1000000000001,-8.790000000000006,2602.7190000000023
2026-08-20 19:00:00,19,16.216,16.664,65.22,87.03,12.927,20.401,-44.80000000000004,21.810000000000002,977.088000000001
2026-08-20 20:00:00,20,17.885,16.847,67.05,76.35,13.151,20.543,103.80000000000003,9.299999999999997,-965.3399999999999
2026-08-20 21:00:00,21,17.611,17.051,68.73,75.37,13.398,20.704,56.00000000000023,6.640000000000001,-371.84000000000157
2026-08-20 22:00:00,22,22.818,17.276,78.87,81.68,13.666,20.886,554.2000000000002,2.8100000000000023,-1557.3020000000017
2026-08-20 23:00:00,23,19.537,17.521,76.22,73.23,13.956,21.086,201.59999999999982,-2.989999999999995,602.7839999999984
2026-08-21 00:00:00,0,17.557,17.787,66.9,81.31,14.267,21.307,-23.000000000000043,14.409999999999997,331.4300000000005
2026-08-21 01:00:00,1,16.352,18.072,62.04,63.72,14.599,21.545,-171.9999999999999,1.6799999999999997,288.95999999999975
2026-08-21 02:00:00,2,15.484,18.376,62.33,38.73,14.95,21.802,-289.20000000000016,-23.6,-6825.120000000004
2026-08-21 03:00:00,3,19.064,18.698,71.89,58.49,15.32,22.076,36.599999999999966,-13.399999999999999,490.4399999999995
2026-08-21 04:00:00,4,17.677,19.038,66.86,638.88,15.709,22.367,-136.10000000000008,572.02,77851.92200000005
2026-08-21 05:00:00,5,16.835,19.395,64.98,68.7,16.115,22.675,-255.9999999999999,3.719999999999999,952.3199999999993
2026-08-21 06:00:00,6,10.817,11.98,48.77,48.09,8.75,15.21,-116.30000000000003,-0.6799999999999997,-79.08399999999999
2026-08-21 07:00:00,7,7.166,9.113,40.89,55.52,5.934,12.292,-194.69999999999993,14.630000000000003,2848.4609999999993
2026-08-21 08:00:00,8,9.777,6.74,43.68,20.26,3.612,9.868,303.69999999999993,-23.419999999999998,7112.653999999998
2026-08-21 09:00:00,9,6.517,4.93,49.11,50.84,1.853,8.007,158.70000000000007,1.730000000000004,-274.5510000000008
2026-08-21 10:00:00,10,3.721,3.735,30.99,9.17,0.71,6.76,-1.399999999999979,-21.82,-30.547999999999544
2026-08-21 11:00:00,11,5.853,3.189,37.88,47.0,0.216,6.162,266.4,9.119999999999997,-2429.5679999999993
2026-08-21 12:00:00,12,3.452,3.313,32.5,31.37,0.392,6.234,13.89999999999998,-1.129999999999999,15.706999999999965
2026-08-21 13:00:00,13,2.562,4.112,36.99,42.03,1.243,6.981,-155.00000000000003,5.039999999999999,781.2
2026-08-21 14:00:00,14,8.321,5.579,44.91,34.54,2.763,8.395,274.2,-10.369999999999997,2843.4539999999993
2026-08-21 15:00:00,15,8.663,7.692,51.83,67.18,4.856,10.528,97.10000000000002,15.350000000000009,-1490.4850000000013
2026-08-21 16:00:00,16,8.548,10.415,43.89,56.39,7.527,13.303,-186.69999999999993,12.5,2333.749999999999
2026-08-21 17:00:00,17,13.351,13.693,58.27,65.27,10.752,16.634,-34.199999999999875,6.999999999999993,239.39999999999887
2026-08-21 18:00:00,18,15.881,17.458,59.38,57.82,14.465,20.451,-157.69999999999982,-1.5600000000000023,-246.01200000000009
2026-08-21 19:00:00,19,23.27,25.759,87.55,94.51,22.714,28.804,-248.9000000000001,6.960000000000008,1732.3440000000026
2026-08-21 20:00:00,20,27.943,26.276,84.5,76.02,23.18,29.372,166.70000000000016,-8.480000000000004,1413.616000000002
2026-08-21 21:00:00,21,30.233,26.796,95.53,105.8,23.649,29.943,343.70000000000016,10.269999999999996,-3529.7990000000004
2026-08-21 22:00:00,22,24.801,27.319,84.88,104.67,24.121,30.517,-251.8000000000001,19.790000000000006,4983.122000000004
2026-08-21 23:00:00,23,28.856,27.843,92.92,105.76,24.594,31.092,101.30000000000018,12.840000000000003,-1300.6920000000027
2026-08-22 00:00:00,0,18.556,19.727,67.86,59.11,16.429,23.025,-117.09999999999994,-8.75,-1024.6249999999995
2026-08-22 01:00:00,1,19.374,20.251,69.88,74.22,16.904,23.598,-87.70000000000026,4.340000000000003,380.6180000000014
2026-08-22 02:00:00,2,19.706,20.772,71.31,55.79,17.376,24.168,-106.5999999999999,-15.520000000000003,-1654.4319999999987
2026-08-22 03:00:00,3,19.736,21.292,70.61,77.48,17.848,24.736,-155.6000000000001,6.8700000000000045,1068.9720000000013
2026-08-22 04:00:00,4,21.894,21.807,79.8,85.21,18.316,25.298,8.699999999999974,5.409999999999997,-47.06699999999983
2026-08-22 05:00:00,5,20.822,22.318,82.43,59.99,18.781,25.855,-149.60000000000022,-22.440000000000005,-3357.024000000006
2026-08-22 06:00:00,6,15.522,15.035,59.7,45.75,11.453,18.617,48.70000000000002,-13.950000000000003,679.3650000000004
2026-08-22 07:00:00,7,11.441,11.531,47.47,44.07,7.905,15.157,-8.999999999999986,-3.3999999999999986,-30.599999999999937
2026-08-22 08:00:00,8,8.12,8.55,45.29,41.68,4.881,12.219,-43.00000000000015,-3.6099999999999994,-155.2300000000005
2026-08-22 09:00:00,9,4.575,6.208,48.16,33.65,2.496,9.92,-163.3,-14.509999999999998,-2369.4829999999997
2026-08-22 10:00:00,10,3.558,4.596,32.39,37.06,0.843,8.349,-103.80000000000003,4.670000000000002,484.7460000000003
2026-08-22 11:00:00,11,5.141,3.781,45.65,48.66,-0.012,7.574,135.99999999999997,3.009999999999998,-409.3599999999996
2026-08-22 12:00:00,12,4.704,3.802,44.84,42.51,-0.029,7.633,90.19999999999997,-2.3300000000000054,210.16600000000042
2026-08-22 13:00:00,13,2.913,4.672,31.97,22.9,0.803,8.541,-175.9,-9.07,-1595.413
2026-08-22 14:00:00,14,6.556,6.377,44.48,57.06,2.472,10.282,17.90000000000003,12.580000000000005,-225.18200000000047
2026-08-22 15:00:00,15,10.227,8.874,56.79,76.66,4.934,12.814,135.29999999999998,19.869999999999997,-2688.410999999999
2026-08-22 16:00:00,16,9.093,12.098,46.27,40.46,8.125,16.071,-300.5000000000001,-5.810000000000002,-1745.9050000000013
2026-08-22 17:00:00,17,16.931,15.952,64.21,56.87,11.947,19.957,97.9000000000001,-7.339999999999996,718.5860000000004
2026-08-22 18:00:00,18,19.129,20.322,67.54,73.43,16.287,24.357,-119.29999999999978,5.890000000000001,702.6769999999988
2026-08-22 19:00:00,19,29.487,28.46,88.59,84.3,24.396,32.524,102.69999999999976,-4.290000000000006,440.58299999999963
2026-08-22 20:00:00,20,27.419,28.793,85.5,83.83,24.701,32.885,-137.3999999999999,-1.6700000000000017,-229.45800000000006
2026-08-22 21:00:00,21,25.859,29.108,79.77,88.65,24.99,33.226,-324.89999999999986,8.88000000000001,2885.112000000002
2026-08-22 22:00:00,22,26.475,29.404,86.16,63.25,25.262,33.546,-292.89999999999986,-22.909999999999997,-6710.338999999996
2026-08-22 23:00:00,23,29.768,29.682,90.19,106.01,25.517,33.847,8.600000000000207,15.820000000000007,-136.05200000000335
2026-08-23 00:00:00,0,30.407,29.939,95.61,96.48,25.753,34.125,46.800000000000004,0.8700000000000045,-40.716000000000214
2026-08-23 01:00:00,1,28.549,30.176,84.36,79.42,25.971,34.381,-162.6999999999999,-4.939999999999998,-803.7379999999991
2026-08-23 02:00:00,2,31.543,30.393,98.5,97.43,26.171,34.615,114.99999999999987,-1.0699999999999932,123.04999999999907
2026-08-23 03:00:00,3,27.598,30.589,91.83,91.38,26.351,34.827,-299.09999999999997,-0.45000000000000284,-134.59500000000082
2026-08-23 04:00:00,4,30.644,30.763,87.22,66.45,26.511,35.015,-11.900000000000333,-20.769999999999996,-247.16300000000686
2026-08-23 05:00:00,5,28.735,30.915,92.49,110.43,26.651,35.179,-217.99999999999997,17.940000000000012,3910.920000000002
2026-08-23 06:00:00,6,22.084,23.257,81.27,81.77,18.982,27.532,-117.30000000000018,0.5,58.65000000000009
2026-08-23 07:00:00,7,19.449,19.363,65.73,71.04,15.08,23.646,8.600000000000207,5.310000000000002,-45.66600000000112
2026-08-23 08:00:00,8,14.428,15.977,66.21,77.63,11.687,20.267,-154.89999999999998,11.420000000000002,1768.958
2026-08-23 09:00:00,9,12.523,13.215,57.01,44.75,8.92,17.51,-69.20000000000003,-12.259999999999998,-848.3920000000003
2026-08-23 10:00:00,10,12.982,11.17,53.52,59.2,6.871,15.469,181.19999999999993,5.68,-1029.2159999999997
2026-08-23 11:00:00,11,8.871,9.91,47.07,43.86,5.61,14.21,-103.89999999999998,-3.210000000000001,-333.519
2026-08-23 12:00:00,12,10.978,9.474,54.16,64.32,5.175,13.773,150.39999999999995,10.159999999999997,-1528.063999999999
2026-08-23 13:00:00,13,7.842,9.875,45.34,19.81,5.578,14.172,-203.30000000000007,-25.530000000000005,-5190.2490000000025
2026-08-23 14:00:00,14,12.055,11.102,56.46,55.27,6.809,15.395,95.29999999999995,-1.1899999999999977,113.40699999999973
2026-08-23 15:00:00,15,15.707,13.112,58.65,51.42,8.825,17.399,259.50000000000006,-7.229999999999997,1876.1849999999995
2026-08-23 16:00:00,16,11.391,15.84,53.52,58.7,11.561,20.119,-444.90000000000003,5.18,2304.582
2026-08-23 17:00:00,17,17.759,19.193,61.19,66.83,14.923,23.463,-143.40000000000012,5.640000000000001,808.7760000000007
2026-08-23 18:00:00,18,24.092,23.054,80.34,71.85,18.796,27.312,103.80000000000003,-8.490000000000009,881.2620000000012
2026-08-23 19:00:00,19,30.313,30.679,90.85,82.31,26.434,34.924,-36.599999999999966,-8.539999999999992,-312.5639999999994
2026-08-23 20:00:00,20,31.162,30.494,93.39,817.81,26.264,34.724,66.79999999999994,724.42,-48391.25599999996
2026-08-23 21:00:00,21,29.2,30.287,96.96,86.2,26.073,34.501,-108.69999999999999,-10.759999999999991,-1169.611999999999
2026-08-23 22:00:00,22,30.216,30.06,98.62,108.72,25.865,34.255,15.600000000000236,10.099999999999994,-157.5600000000023
2026-08-23 23:00:00,23,29.533,29.813,95.19,90.76,25.638,33.988,-27.999999999999762,-4.429999999999993,-124.03999999999874
2026-08-24 00:00:00,0,40.288,38.186,112.04,77.16,34.033,42.339,210.1999999999997,-34.88000000000001,7331.775999999992
2026-08-24 01:00:00,1,38.357,37.899,110.9,106.4,33.769,42.029,45.79999999999984,-4.5,206.09999999999928
2026-08-24 02:00:00,2,38.201,37.593,116.67,104.21,33.488,41.698,60.799999999999706,-12.460000000000008,757.5679999999968
2026-08-24 03:00:00,3,36.527,37.269,108.71,647.52,33.191,41.347,-74.19999999999973,538.81,39979.70199999985
2026-08-24 04:00:00,4,36.049,36.927,116.36,101.52,32.877,40.977,-87.80000000000001,-14.840000000000003,-1302.9520000000005
2026-08-24 05:00:00,5,35.79,36.568,108.09,109.4,32.548,40.588,-77.79999999999987,1.3100000000000023,101.918
2026-08-24 06:00:00,6,29.115,28.405,92.6,108.54,24.416,32.394,70.99999999999973,15.940000000000012,-1131.7399999999966
2026-08-24 07:00:00,7,24.0,24.758,79.34,83.1,20.801,28.715,-75.79999999999991,3.759999999999991,285.00799999999896
2026-08-24 08:00:00,8,22.096,21.575,76.92,69.65,17.653,25.497,52.10000000000008,-7.269999999999996,378.7670000000004
2026-08-24 09:00:00,9,22.662,18.926,77.03,82.5,15.039,22.813,373.6000000000001,5.469999999999999,-2043.592
2026-08-24 10:00:00,10,18.434,16.866,71.17,65.66,13.016,20.716,156.80000000000015,-5.510000000000005,863.9680000000017
2026-08-24 11:00:00,11,14.844,15.43,64.26,55.93,11.618,19.242,-58.60000000000004,-8.330000000000005,-488.1380000000006
2026-08-24 12:00:00,12,16.803,14.641,61.6,47.75,10.868,18.414,216.2000000000001,-13.850000000000001,2994.3700000000017
2026-08-24 13:00:00,13,13.771,14.505,52.75,31.73,10.773,18.237,-73.4,-21.02,-1542.8680000000002
2026-08-24 14:00:00,14,11.349,15.017,45.4,40.72,11.326,18.708,-366.79999999999995,-4.68,-1716.6239999999998
2026-08-24 15:00:00,15,14.343,16.158,61.37,646.49,12.51,19.806,-181.50000000000014,585.12,106199.28000000009
2026-08-24 16:00:00,16,14.524,17.891,55.32,54.16,14.287,21.495,-336.69999999999993,-1.1600000000000037,-390.57200000000114
2026-08-24 17:00:00,17,19.534,20.166,62.14,57.15,16.607,23.725,-63.20000000000015,-4.990000000000002,-315.3680000000009
2026-08-24 18:00:00,18,22.948,22.915,79.82,68.47,19.401,26.429,3.300000000000125,-11.349999999999994,37.4550000000014
2026-08-24 19:00:00,19,33.207,30.19,110.81,118.11,26.723,33.657,301.7,7.299999999999997,-2202.409999999999
2026-08-24 20:00:00,20,30.261,29.672,94.33,681.25,26.252,33.092,58.899999999999864,586.92,-34569.587999999916
2026-08-24 21:00:00,21,28.757,29.152,94.4,103.71,25.78,32.524,-39.49999999999996,9.309999999999988,367.74499999999915
2026-08-24 22:00:00,22,30.122,28.629,94.37,553.62,25.306,31.952,149.29999999999987,459.25,-68566.02499999994
2026-08-24 23:00:00,23,24.125,28.105,80.46,71.43,24.832,31.378,-398.00000000000006,-9.029999999999987,-3593.9399999999955
2026-08-25 00:00:00,0,28.005,27.581,93.07,75.46,24.358,30.804,42.39999999999995,-17.61,746.6639999999991
2026-08-25 01:00:00,1,28.445,27.057,89.2,83.18,23.884,30.23,138.80000000000015,-6.019999999999996,835.5760000000004
2026-08-25 02:00:00,2,23.874,26.536,81.37,93.08,23.414,29.658,-266.2000000000003,11.709999999999994,3117.2020000000016
2026-08-25 03:00:00,3,28.075,26.017,90.83,97.02,22.946,29.088,205.8,6.189999999999998,-1273.9019999999996
2026-08-25 04:00:00,4,26.111,25.502,82.55,94.29,22.483,28.521,60.90000000000018,11.740000000000009,-714.9660000000027
2026-08-25 05:00:00,5,24.244,24.991,85.08,91.35,22.024,27.958,-74.69999999999999,6.269999999999996,468.36899999999963
2026-08-25 06:00:00,6,17.838,16.699,66.32,53.08,13.784,19.614,113.89999999999993,-13.239999999999995,1508.0359999999985
2026-08-25 07:00:00,7,17.031,12.944,62.22,58.26,10.082,15.806,408.6999999999998,-3.960000000000001,1618.4519999999995
2026-08-25 08:00:00,8,10.004,9.677,51.93,42.57,6.867,12.487,32.699999999999996,-9.36,306.07199999999995
2026-08-25 09:00:00,9,7.414,6.967,40.49,56.46,4.124,9.81,44.70000000000001,15.969999999999999,-713.8590000000002
2026-08-25 10:00:00,10,4.041,4.868,36.78,22.42,1.973,7.763,-82.7,-14.36,-1187.572
2026-08-25 11:00:00,11,1.886,3.416,31.89,42.62,0.469,6.363,-153.0,10.729999999999997,1641.6899999999996
2026-08-25 12:00:00,12,4.128,2.633,41.2,51.92,-0.366,5.632,149.5,10.719999999999999,-1602.6399999999999
2026-08-25 13:00:00,13,0.986,2.527,31.85,53.8,-0.524,5.578,-154.10000000000002,21.949999999999996,3382.495
2026-08-25 14:00:00,14,3.221,3.092,34.76,29.85,-0.011,6.195,12.9,-4.909999999999997,63.338999999999956
2026-08-25 15:00:00,15,3.448,4.308,38.64,427.3,1.154,7.462,-86.0,388.66,33424.76
2026-08-25 16:00:00,16,7.001,6.139,48.74,76.12,2.934,9.344,86.20000000000002,27.380000000000003,-2360.156000000001
2026-08-25 17:00:00,17,9.136,8.535,50.11,42.7,5.28,11.79,60.09999999999991,-7.409999999999997,445.3409999999991
2026-08-25 18:00:00,18,13.294,11.426,57.07,38.65,8.122,14.73,186.80000000000004,-18.42,3440.856000000001
2026-08-25 19:00:00,19,17.948,18.866,62.02,39.46,15.512,22.22,-91.79999999999994,-22.560000000000002,-2071.007999999999
2026-08-25 20:00:00,20,18.049,18.535,63.23,71.78,15.133,21.937,-48.60000000000007,8.550000000000004,415.5300000000008
2026-08-25 21:00:00,21,16.46,18.221,62.77,40.17,14.771,21.671,-176.09999999999994,-22.6,-3979.8599999999988
2026-08-25 22:00:00,22,17.127,17.927,63.02,58.55,14.431,21.423,-80.00000000000007,-4.470000000000006,-357.6000000000008
2026-08-25 23:00:00,23,18.331,17.652,67.36,72.61,14.11,21.194,67.89999999999985,5.25,-356.4749999999992
2026-08-26 00:00:00,0,18.759,17.396,69.27,376.71,13.808,20.984,136.29999999999995,307.44,-41904.071999999986
2026-08-26 01:00:00,1,15.501,17.161,64.0,69.11,13.529,20.793,-166.0000000000002,5.109999999999999,848.2600000000009
2026-08-26 02:00:00,2,18.512,16.946,68.22,70.89,13.271,20.621,156.5999999999999,2.6700000000000017,-418.122
2026-08-26 03:00:00,3,19.193,16.753,71.95,87.3,13.036,20.47,244.00000000000014,15.349999999999994,-3745.400000000001
2026-08-26 04:00:00,4,17.325,16.581,66.15,54.72,12.823,20.339,74.39999999999998,-11.430000000000007,850.3920000000003
2026-08-26 05:00:00,5,19.809,16.431,63.46,55.33,12.633,20.229,337.8,-8.130000000000003,2746.3140000000008
2026-08-26 06:00:00,6,7.121,8.514,39.69,30.42,4.678,12.35,-139.2999999999999,-9.269999999999996,-1291.3109999999986
2026-08-26 07:00:00,7,2.912,5.152,33.61,43.57,1.279,9.025,-224.0,9.96,2231.04
2026-08-26 08:00:00,8,-0.91,2.291,20.94,31.74,-1.618,6.2,-320.1,10.799999999999997,3457.0799999999995
2026-08-26 09:00:00,9,2.695,0.003,36.11,41.52,-3.941,3.947,269.2,5.410000000000004,-1456.372000000001
2026-08-26 10:00:00,10,-0.484,-1.662,32.84,47.04,-5.639,2.315,117.80000000000001,14.199999999999996,-1672.7599999999998
2026-08-26 11:00:00,11,-2.767,-2.667,26.57,719.32,-6.676,1.342,-10.000000000000009,692.75,6927.500000000006
2026-08-26 12:00:00,12,-2.488,-2.992,21.45,41.46,-7.031,1.047,50.400000000000006,20.01,-1008.5040000000002
2026-08-26 13:00:00,13,-4.654,-2.628,23.5,41.78,-6.696,1.44,-202.6,18.28,3703.5280000000002
2026-08-26 14:00:00,14,2.818,-1.585,34.57,43.4,-5.68,2.51,440.3000000000001,8.829999999999998,-3887.849
2026-08-26 15:00:00,15,0.352,0.119,27.2,48.59,-4.002,4.24,23.299999999999997,21.390000000000004,-498.38700000000006
2026-08-26 16:00:00,16,2.643,2.446,31.14,11.26,-1.699,6.591,19.699999999999964,-19.880000000000003,391.63599999999934
2026-08-26 17:00:00,17,6.651,5.345,41.2,34.91,1.178,9.512,130.6,-6.290000000000006,821.4740000000007
2026-08-26 18:00:00,18,9.611,8.745,47.37,38.55,4.557,12.933,86.60000000000015,-8.82,763.8120000000014
2026-08-26 19:00:00,19,17.102,16.699,66.08,74.74,12.492,20.906,40.29999999999987,8.659999999999997,-348.99799999999874
2026-08-26 20:00:00,20,15.463,16.886,62.44,49.84,12.662,21.11,-142.3,-12.599999999999994,-1792.9799999999993
2026-08-26 21:00:00,21,17.943,17.094,67.27,76.36,12.854,21.334,84.90000000000003,9.090000000000003,-771.7410000000006
2026-08-26 22:00:00,22,20.711,17.323,75.09,438.47,13.069,21.577,338.79999999999984,363.38,-123113.14399999994
2026-08-26 23:00:00,23,19.995,17.573,76.53,84.87,13.307,21.839,242.20000000000005,8.340000000000003,-2019.9480000000012
2026-08-27 00:00:00,0,20.71,17.842,77.14,80.54,13.566,22.118,286.80000000000024,3.4000000000000057,-975.1200000000024
2026-08-27 01:00:00,1,17.211,18.131,59.7,716.8,13.847,22.415,-92.00000000000017,657.0999999999999,60453.200000000106
2026-08-27 02:00:00,2,16.657,18.439,54.21,44.05,14.148,22.73,-178.20000000000002,-10.160000000000004,-1810.5120000000009
2026-08-27 03:00:00,3,18.538,18.765,72.3,87.3,14.469,23.061,-22.70000000000003,15.0,340.50000000000045
2026-08-27 04:00:00,4,19.208,19.108,64.57,73.92,14.809,23.407,9.999999999999787,9.350000000000009,-93.4999999999981
2026-08-27 05:00:00,5,21.438,19.469,74.04,73.58,15.169,23.769,196.89999999999978,-0.46000000000000796,90.57400000000146
2026-08-27 06:00:00,6,9.011,12.057,42.92,37.91,7.758,16.356,-304.60000000000014,-5.010000000000005,-1526.0460000000023
2026-08-27 07:00:00,7,11.946,9.193,46.85,22.54,4.896,13.49,275.3,-24.310000000000002,6692.543000000001
2026-08-27 08:00:00,8,6.538,6.823,44.33,31.48,2.531,11.115,-28.500000000000014,-12.849999999999998,-366.22500000000014
2026-08-27 09:00:00,9,4.247,5.015,40.16,63.1,0.729,9.301,-76.79999999999998,22.940000000000005,1761.792
2026-08-27 10:00:00,10,2.001,3.823,29.87,14.51,-0.455,8.101,-182.20000000000002,-15.360000000000001,-2798.5920000000006
2026-08-27 11:00:00,11,0.301,3.279,18.08,20.35,-0.989,7.547,-297.79999999999995,2.270000000000003,676.0060000000009
2026-08-27 12:00:00,12,4.887,3.405,36.35,48.43,-0.852,7.662,148.2,12.079999999999998,-1790.2559999999996
2026-08-27 13:00:00,13,4.339,4.207,38.89,23.83,-0.037,8.451,13.200000000000058,-15.060000000000002,198.7920000000009
2026-08-27 14:00:00,14,3.354,5.676,29.24,640.83,1.448,9.904,-232.20000000000002,611.59,142011.198
2026-08-27 15:00:00,15,5.46,7.791,40.52,51.78,3.579,12.003,-233.10000000000005,11.259999999999998,2624.706
2026-08-27 16:00:00,16,9.91,10.515,49.52,49.67,6.322,14.708,-60.50000000000005,0.14999999999999858,9.074999999999921
2026-08-27 17:00:00,17,16.799,13.795,67.05,101.47,9.622,17.968,300.4,34.42,-10339.768
2026-08-27 18:00:00,18,17.093,17.56,65.86,45.84,13.409,21.711,-46.699999999999875,-20.019999999999996,-934.9339999999974
2026-08-27 19:00:00,19,23.156,25.862,74.83,347.1,21.735,29.989,-270.59999999999997,272.27000000000004,73676.262
2026-08-27 20:00:00,20,25.937,26.38,89.63,87.55,22.278,30.482,-44.299999999999784,-2.0799999999999983,-92.14399999999948
2026-08-27 21:00:00,21,26.41,26.9,85.25,94.51,22.825,30.975,-48.999999999999844,9.260000000000005,453.7399999999988
2026-08-27 22:00:00,22,22.569,27.423,77.32,82.62,23.376,31.47,-485.3999999999999,5.300000000000011,2572.620000000005
2026-08-27 23:00:00,23,27.85,27.948,85.32,76.52,23.931,31.965,-9.799999999999898,-8.799999999999997,-86.23999999999907
2026-08-28 00:00:00,0,28.056,28.472,87.73,90.48,24.487,32.457,-41.60000000000004,2.75,114.4000000000001
2026-08-28 01:00:00,1,30.248,28.995,90.79,68.49,25.043,32.947,125.30000000000001,-22.30000000000001,2794.190000000002
2026-08-28 02:00:00,2,32.845,29.516,99.35,106.58,25.598,33.434,332.9000000000001,7.230000000000004,-2406.867000000002
2026-08-28 03:00:00,3,32.063,30.035,105.16,108.74,26.153,33.917,202.80000000000024,3.5799999999999983,-726.0240000000005
2026-08-28 04:00:00,4,30.066,30.55,88.44,96.1,26.705,34.395,-48.400000000000176,7.659999999999997,370.74400000000117
2026-08-28 05:00:00,5,29.068,31.059,85.27,97.97,27.252,34.866,-199.09999999999997,12.700000000000003,2528.57
2026-08-28 06:00:00,6,28.407,23.775,96.16,100.57,20.007,27.543,463.2000000000002,4.409999999999997,-2042.7119999999993
2026-08-28 07:00:00,7,21.122,21.016,73.41,442.29,17.289,24.743,10.600000000000165,368.88,-3910.1280000000606
2026-08-28 08:00:00,8,18.753,18.728,66.36,55.79,15.043,22.413,2.499999999999858,-10.57,26.424999999998498
2026-08-28 09:00:00,9,16.937,16.98,69.2,60.65,13.337,20.623,-4.299999999999926,-8.550000000000004,-36.76499999999939
2026-08-28 10:00:00,10,16.181,15.824,60.95,75.19,12.225,19.423,35.70000000000011,14.239999999999995,-508.36800000000136
2026-08-28 11:00:00,11,15.035,15.294,68.16,85.39,11.74,18.848,-25.900000000000034,17.230000000000004,446.2570000000007
2026-08-28 12:00:00,12,14.379,15.411,62.12,59.27,11.903,18.919,-103.2,-2.8499999999999943,-294.11999999999944
2026-08-28 13:00:00,13,15.196,16.181,59.26,59.81,12.72,19.642,-98.50000000000013,0.5500000000000043,54.17500000000049
2026-08-28 14:00:00,14,17.536,17.595,74.99,64.13,14.181,21.009,-5.89999999999975,-10.86,-64.07399999999728
2026-08-28 15:00:00,15,18.654,19.632,66.39,80.47,16.266,22.998,-97.80000000000017,14.079999999999998,1377.0240000000022
2026-08-28 16:00:00,16,20.972,22.255,76.89,84.87,18.938,25.572,-128.29999999999978,7.980000000000004,1023.8339999999988
2026-08-28 17:00:00,17,25.604,25.413,85.31,108.6,22.146,28.68,19.099999999999895,23.289999999999992,-444.8389999999974
2026-08-28 18:00:00,18,28.574,29.033,95.85,85.31,25.816,32.25,-45.89999999999997,-10.539999999999992,-483.7859999999993
2026-08-28 19:00:00,19,39.875,37.168,121.75,573.19,34.001,40.335,270.7000000000001,451.44000000000005,-122204.80800000006
2026-08-28 20:00:00,20,32.726,37.498,99.9,102.68,34.383,40.613,-477.1999999999998,2.780000000000001,1326.616
2026-08-28 21:00:00,21,39.774,37.809,112.27,685.73,34.745,40.873,196.50000000000034,573.46,-112684.8900000002
2026-08-28 22:00:00,22,40.344,38.101,118.38,115.79,35.089,41.113,224.30000000000024,-2.589999999999989,580.9369999999982
2026-08-28 23:00:00,23,34.643,38.375,101.28,90.81,35.415,41.335,-373.19999999999993,-10.469999999999999,-3907.403999999999
2026-08-29 00:00:00,0,29.371,29.988,100.45,111.03,27.08,32.896,-61.700000000000095,10.579999999999998,652.7860000000009
2026-08-29 01:00:00,1,29.553,30.221,93.34,101.99,27.365,33.077,-66.79999999999994,8.649999999999991,577.8199999999989
2026-08-29 02:00:00,2,27.9,30.434,87.7,76.7,27.631,33.237,-253.40000000000023,-11.0,-2787.4000000000024
2026-08-29 03:00:00,3,29.225,30.625,92.81,109.08,27.776,33.474,-139.99999999999986,16.269999999999996,2277.799999999997
2026-08-29 04:00:00,4,28.796,30.795,85.74,99.78,27.893,33.697,-199.90000000000023,14.040000000000006,2806.5960000000046
2026-08-29 05:00:00,5,34.097,30.943,98.91,100.52,27.989,33.897,315.40000000000003,1.6099999999999994,-507.79399999999987
2026-08-29 06:00:00,6,24.965,23.281,87.5,88.46,20.275,26.287,168.40000000000012,0.9599999999999937,-161.66399999999905
2026-08-29 07:00:00,7,21.671,19.382,72.83,79.48,16.324,22.44,228.89999999999978,6.650000000000006,-1522.1849999999997
2026-08-29 08:00:00,8,17.29,15.991,61.63,51.29,12.882,19.1,129.89999999999995,-10.340000000000003,1343.166
2026-08-29 09:00:00,9,11.193,13.225,54.55,54.91,10.065,16.385,-203.20000000000002,0.35999999999999943,73.15199999999989
2026-08-29 10:00:00,10,10.232,11.176,55.03,29.2,7.965,14.387,-94.40000000000009,-25.830000000000002,-2438.3520000000026
2026-08-29 11:00:00,11,10.791,9.91,54.4,64.91,6.649,13.171,88.10000000000002,10.509999999999998,-925.931
2026-08-29 12:00:00,12,7.27,9.47,47.76,29.02,6.159,12.781,-220.0000000000001,-18.74,-4122.800000000002
2026-08-29 13:00:00,13,11.15,9.867,49.28,67.32,6.507,13.227,128.29999999999995,18.039999999999992,-2314.5319999999983
2026-08-29 14:00:00,14,10.656,11.089,45.54,41.57,7.681,14.497,-43.29999999999998,-3.969999999999999,-171.9009999999999
2026-08-29 15:00:00,15,12.42,13.095,61.11,58.57,9.64,16.55,-67.50000000000007,-2.539999999999999,-171.45000000000013
2026-08-29 16:00:00,16,17.098,15.818,64.1,56.57,12.316,19.32,127.99999999999994,-7.529999999999994,963.8399999999988
2026-08-29 17:00:00,17,19.966,19.167,70.7,67.24,15.619,22.715,79.89999999999996,-3.460000000000008,276.4540000000005
2026-08-29 18:00:00,18,22.373,23.023,82.31,99.33,19.43,26.616,-64.99999999999987,17.019999999999996,1106.2999999999975
2026-08-29 19:00:00,19,32.73,30.643,102.01,72.16,27.006,34.28,208.69999999999965,-29.85000000000001,6229.6949999999915
2026-08-29 20:00:00,20,28.508,30.454,92.32,107.64,26.774,34.134,-194.60000000000016,15.320000000000007,2981.272000000004
2026-08-29 21:00:00,21,31.352,30.244,105.41,627.3,26.522,33.966,110.80000000000005,521.89,-57825.412000000026
2026-08-29 22:00:00,22,31.08,30.013,93.58,79.1,26.25,33.776,106.69999999999966,-14.480000000000004,1545.0159999999955
2026-08-29 23:00:00,23,29.204,29.761,95.74,743.53,25.959,33.563,-55.69999999999987,647.79,36081.90299999991
2026-08-30 00:00:00,0,30.077,29.49,94.18,114.29,25.649,33.331,58.70000000000033,20.11,-1180.4570000000067
2026-08-30 01:00:00,1,26.947,29.199,88.14,76.79,25.321,33.077,-225.20000000000024,-11.349999999999994,-2556.0200000000013
2026-08-30 02:00:00,2,30.553,28.89,101.11,87.27,24.976,32.804,166.30000000000004,-13.840000000000003,2301.592000000001
2026-08-30 03:00:00,3,28.229,28.562,91.91,105.56,24.614,32.51,-33.300000000000196,13.650000000000006,454.54500000000286
2026-08-30 04:00:00,4,27.276,28.217,89.94,94.0,24.236,32.198,-94.09999999999991,4.060000000000002,382.0459999999998
2026-08-30 05:00:00,5,29.743,27.855,97.5,86.25,23.842,31.868,188.79999999999984,-11.25,2123.999999999998
2026-08-30 06:00:00,6,18.42,19.688,66.84,69.44,15.645,23.731,-126.79999999999971,2.5999999999999943,329.67999999999853
2026-08-30 07:00:00,7,12.757,15.292,52.49,40.18,11.221,19.363,-253.5,-12.310000000000002,-3120.5850000000005
2026-08-30 08:00:00,8,8.61,11.412,42.54,55.75,7.314,15.51,-280.20000000000016,13.21,3701.4420000000023
2026-08-30 09:00:00,9,9.255,8.164,40.27,53.01,4.04,12.288,109.10000000000012,12.739999999999995,-1389.934000000001
2026-08-30 10:00:00,10,3.339,5.644,43.35,49.73,1.496,9.792,-230.5,6.3799999999999955,1470.589999999999
2026-08-30 11:00:00,11,7.077,3.918,38.93,43.27,-0.252,8.088,315.90000000000003,4.340000000000003,-1371.0060000000012
2026-08-30 12:00:00,12,-0.719,3.028,25.31,46.45,-1.162,7.218,-374.70000000000005,21.140000000000004,7921.158000000002
2026-08-30 13:00:00,13,6.042,2.988,39.96,391.7,-1.221,7.197,305.40000000000003,351.74,-107421.39600000001
2026-08-30 14:00:00,14,4.166,3.787,38.17,23.99,-0.439,8.013,37.90000000000005,-14.180000000000003,537.4220000000008
2026-08-30 15:00:00,15,5.209,5.383,42.5,47.89,1.141,9.625,-17.400000000000038,5.390000000000001,93.78600000000021
2026-08-30 16:00:00,16,6.73,7.711,46.03,71.06,3.456,11.966,-98.1,25.03,2455.4429999999998
2026-08-30 17:00:00,17,11.398,10.68,50.52,38.35,6.413,14.947,71.8,-12.170000000000002,873.806
2026-08-30 18:00:00,18,14.105,14.173,58.14,53.8,9.896,18.45,-6.799999999999962,-4.340000000000003,-29.51199999999986
2026-08-30 19:00:00,19,23.433,21.447,80.46,85.46,17.162,25.732,198.60000000000008,5.0,-993.0000000000005
2026-08-30 20:00:00,20,21.134,20.928,73.28,646.79,16.636,25.22,20.59999999999995,573.51,-11814.305999999971
2026-08-30 21:00:00,21,20.678,20.407,79.7,67.91,16.111,24.703,27.10000000000008,-11.790000000000006,319.5090000000011
2026-08-30 22:00:00,22,19.23,19.884,72.05,85.51,15.585,24.183,-65.39999999999999,13.460000000000008,880.2840000000004
2026-08-30 23:00:00,23,19.257,19.36,73.08,100.93,15.06,23.66,-10.299999999999798,27.85000000000001,286.85499999999445
